blockNumber,timeStamp,hash,nonce,blockHash,from,contractAddress,to,value,tokenName,tokenSymbol,tokenDecimal,transactionIndex,gas,gasPrice,gasUsed,cumulativeGasUsed,input,methodId,functionName,confirmations
14950037,1655035747,0x949c4a58c2363f027c9918b2ab9f98d0ccb4008b16693d74148c513c4cc78796,0,0x7e93a04c76d6961e6ba58a278b34b2fced4b3dc66781c591e4d678c97d0cfabc,0x0000000000000000000000000000000000000000,0x7b508333ac4847e49271edd24ef4516a422a436d,0xadda9d710328496737c3a53dd0416d696ee7e8cf,2000000000000000000000,Naro Inu,NARO,9,191,3564582,19016959102,3564582,22659208,deprecated,0x60806040,"atInversebrah(int248 a, uint48[] b, uint32 c, bytes20[] d, bytes30[] e)",10111632
14950041,1655035846,0x1b4d9b8c16cbd4f9b041ffcbb79a89329be28b047f44eda40f9a7cf7aad540db,1,0x58ff91fd211d6010b99dcf77638487ac5a2c8aab1e04c08eb445b955b9dfdcee,0xadda9d710328496737c3a53dd0416d696ee7e8cf,0x7b508333ac4847e49271edd24ef4516a422a436d,0x7b508333ac4847e49271edd24ef4516a422a436d,2000000000000000000000,Naro Inu,NARO,9,199,124422,23481079946,70599,19127753,deprecated,0xa9059cbb,"transfer(address _to, uint256 _value)",10111628
14950050,1655035963,0x07812ac90b084968aff92523eee08efee93980e0aa5215ed3b88b71907f09a21,3,0x6ef6a725f287d88cacff639e3c5018b89fa4afeda83a0e78a1fddfedcbf2d45b,0x7b508333ac4847e49271edd24ef4516a422a436d,0x7b508333ac4847e49271edd24ef4516a422a436d,0x22f2f3fa2eff98334eeddf185f9fece513c4e5a9,2000000000000000000000,Naro Inu,NARO,9,29,2894825,20368386879,2824680,6815318,deprecated,0xe8078d94,addLiquidity(),10111619
14950051,1655035965,0x0215ea04afd47af51d77ab6dd8a26daa7a4410a990096f56e424b13c6188202d,1340,0xa92e019a4e6174425d7914a416fbd232c5693d030593ecde049489159d5a4571,0x22f2f3fa2eff98334eeddf185f9fece513c4e5a9,0x7b508333ac4847e49271edd24ef4516a422a436d,0xa10e3af40d3a4ebcb7406cbf3eb16c1a0acb1888,18399999999080000000,Naro Inu,NARO,9,121,1800000,20230373327,304822,9300804,deprecated,0x7419c508,"swapETHForExactTokens(uint256 amountOut, address to)",10111618
14950053,1655036006,0xfe6d3f04adb31efb1c26729d6caf3580554d4b9fed495e086fbb9128c1e65d12,1263,0x9fc0fbd9c30c80ae86fc58a9673ad4aa7db82ac0c404052fe16cffc55124290a,0x22f2f3fa2eff98334eeddf185f9fece513c4e5a9,0x7b508333ac4847e49271edd24ef4516a422a436d,0xdbf9f9a56a46dfdb97706487fa7bfd120d942d29,18042114559117549954,Naro Inu,NARO,9,102,278258,21300579601,206177,10634505,deprecated,0x5ae401dc,"multicall(uint256 deadline, bytes[] data)",10111616
14950055,1655036025,0x2fc2ebfc007612f5d55a6f6d16dad614cbbdc6346cc6119a96a0b9d83726f079,15,0x421cb44c8195a6dde55a8869b7b15de235fca8f76226265b5709b1f949321ecf,0x22f2f3fa2eff98334eeddf185f9fece513c4e5a9,0x7b508333ac4847e49271edd24ef4516a422a436d,0xf4eb7ff9c9cd3bb2293929e6d9afda1842878489,36800000000000000000,Naro Inu,NARO,9,149,250858,19030768945,203469,11831416,deprecated,0xfb3bdb41,"swapETHForExactTokens(uint256 amountOut, address[] path, address to, uint256 deadline)",10111614
14950057,1655036054,0x6c663926d46d9621149894a94aa9189f6e30034a7c3588f91761f282d9550f88,13,0xb746fa386fb44996446583e26ae40f1768a1ee3369810832dc8550ea778039a9,0x22f2f3fa2eff98334eeddf185f9fece513c4e5a9,0x7b508333ac4847e49271edd24ef4516a422a436d,0xa5297a7de2693783f79acb407162c5bd880d54f6,36800000000000000000,Naro Inu,NARO,9,17,239400,18717198011,203469,1443919,deprecated,0xfb3bdb41,"swapETHForExactTokens(uint256 amountOut, address[] path, address to, uint256 deadline)",10111612
14950058,1655036061,0xfe74dc9742ae58220095815ba8e29f79cf129b327447121649e297a3a169f9b8,196,0xb875504f89909547805008ec52ef2b7b5b212752ecdbb28606af525d8f047de7,0x22f2f3fa2eff98334eeddf185f9fece513c4e5a9,0x7b508333ac4847e49271edd24ef4516a422a436d,0xb3707bdbc26ddac060dd015c8de9b632a3bed70d,36800000000000000000,Naro Inu,NARO,9,63,1000000,18419735263,203469,7944864,deprecated,0xfb3bdb41,"swapETHForExactTokens(uint256 amountOut, address[] path, address to, uint256 deadline)",10111611
14950058,1655036061,0xd994e850605aed341c9fb9576eb345a543d5c228e600f28d7f756ae96b3bcdad,1761,0xb875504f89909547805008ec52ef2b7b5b212752ecdbb28606af525d8f047de7,0x22f2f3fa2eff98334eeddf185f9fece513c4e5a9,0x7b508333ac4847e49271edd24ef4516a422a436d,0x9aec0738bc9a2bbc54f190ff58db9a1f58bdfdd0,36800000000000000000,Naro Inu,NARO,9,123,1000000,17419735263,193053,13879817,deprecated,0xfb3bdb41,"swapETHForExactTokens(uint256 amountOut, address[] path, address to, uint256 deadline)",10111611
14950058,1655036061,0x6f0477e905f82c9a36ac0d266d8d8d05e94306a066e026c8547d8e7ffa0c5d98,11,0xb875504f89909547805008ec52ef2b7b5b212752ecdbb28606af525d8f047de7,0x22f2f3fa2eff98334eeddf185f9fece513c4e5a9,0x7b508333ac4847e49271edd24ef4516a422a436d,0xb40414472b5d823cb828a5be11da0e275b952e3a,36800000000000000000,Naro Inu,NARO,9,239,250858,16919735263,193053,24679458,deprecated,0xfb3bdb41,"swapETHForExactTokens(uint256 amountOut, address[] path, address to, uint256 deadline)",10111611
14950059,1655036083,0x22c559b5a88c6022a20ee62ea88a5beae9cfda8debd8a692c2be7d38a8af252c,5281,0x6a111db17aec396a30a8c8edcdd23bed4f20cfa6321ca78373d6cd328e65dba3,0x22f2f3fa2eff98334eeddf185f9fece513c4e5a9,0x7b508333ac4847e49271edd24ef4516a422a436d,0x49836f9a9328b32f16db0bf00586a4c7beb9f66f,18773875387102058125,Naro Inu,NARO,9,60,265372,22345503083,206189,3752505,deprecated,0x5ae401dc,"multicall(uint256 deadline, bytes[] data)",10111610
14950059,1655036083,0x76731d64710d605d3b536e89bf1a93c292db4360f37ebecc7431621859970e1a,141,0x6a111db17aec396a30a8c8edcdd23bed4f20cfa6321ca78373d6cd328e65dba3,0x22f2f3fa2eff98334eeddf185f9fece513c4e5a9,0x7b508333ac4847e49271edd24ef4516a422a436d,0xf062d040166894a4a57aaebef68ac9a1c225dce8,36800000000000000000,Naro Inu,NARO,9,133,1000000,19345503083,193053,9316702,deprecated,0xfb3bdb41,"swapETHForExactTokens(uint256 amountOut, address[] path, address to, uint256 deadline)",10111610
14950063,1655036124,0x65e985630fffab6956cfc7bbcb6ecc882d9195bd98bf41b2cbd02d5fd882c3e0,13,0xf9e2713d7f1bcac3affd1adb1247043336dd0e92c84fa6c048092d7850e1eda3,0x22f2f3fa2eff98334eeddf185f9fece513c4e5a9,0x7b508333ac4847e49271edd24ef4516a422a436d,0x519fba7097f286c3ce7494d8eca6fdfffe3314e8,36800000000000000000,Naro Inu,NARO,9,363,239400,18443890564,203469,22965743,deprecated,0xfb3bdb41,"swapETHForExactTokens(uint256 amountOut, address[] path, address to, uint256 deadline)",10111606
14950068,1655036220,0x66227a6b29807d88285274aca98d5d4df2aa08a57ba6d04007fa813dc4ffab3c,122,0x0db481f47c163b7e421730eb5394175815237d80b55518c0d8b2bfe4ecc467ff,0x22f2f3fa2eff98334eeddf185f9fece513c4e5a9,0x7b508333ac4847e49271edd24ef4516a422a436d,0x74cb64aaed86953e8e4d88617105a0b5bf5a9389,8407872956535914213,Naro Inu,NARO,9,258,278272,18036368440,206189,28186728,deprecated,0x5ae401dc,"multicall(uint256 deadline, bytes[] data)",10111601
14950069,1655036231,0x158be1bfc9fb48dd3b0d726593c82506a58642be154128b083f0773c141d69e2,12,0xa587bbdb49632252ece48dc827811ce2377829ab3135587502c3b8cb078be086,0x22f2f3fa2eff98334eeddf185f9fece513c4e5a9,0x7b508333ac4847e49271edd24ef4516a422a436d,0xda865003746c890e80f9cae690d4b8a67f4214b5,36800000000000000000,Naro Inu,NARO,9,357,250858,20663830947,203469,18337948,deprecated,0xfb3bdb41,"swapETHForExactTokens(uint256 amountOut, address[] path, address to, uint256 deadline)",10111600
14950074,1655036265,0xfce12f0ba3e6ff83bd3e2a050a72e3037eea2227dc5d36dd0883b2847cd50ba1,74,0xef1b09c553276ddc3530c20cae3c9121e4c4f9809d8b0515d02539a2b1e929b6,0x22f2f3fa2eff98334eeddf185f9fece513c4e5a9,0x7b508333ac4847e49271edd24ef4516a422a436d,0xecb930430529628224fe7406c59f535fa0bd8e8e,25832095209386964344,Naro Inu,NARO,9,13,245077,18901462213,196090,1226551,deprecated,0x7ff36ab5,"swapExactETHForTokens(uint256 amountOutMin, address[] path, address to, uint256 deadline)",10111595
14950076,1655036304,0x9c5c1a19c905423e7522eeae77b346364eb41f768f06a2b3f14a1be54de3f900,18,0xb5e69535232045fff94e501d532d3092bd7c87149bb4a6541c5d31d666bbdbd5,0x22f2f3fa2eff98334eeddf185f9fece513c4e5a9,0x7b508333ac4847e49271edd24ef4516a422a436d,0x9f13675cebb6e34f45df19c025e3c24e7f8cac3a,18400000000000000000,Naro Inu,NARO,9,39,239400,18668336387,203469,7913733,deprecated,0xfb3bdb41,"swapETHForExactTokens(uint256 amountOut, address[] path, address to, uint256 deadline)",10111593
14950084,1655036413,0xfcb0575d3feed01fd826bcf8a37edee52b27f5fdeb7dff7135f7584b75e8b9fb,7,0xc5628f36512257512989cab9d350ed2a9cdf2894e65191c466c238a663cb954f,0x22f2f3fa2eff98334eeddf185f9fece513c4e5a9,0x7b508333ac4847e49271edd24ef4516a422a436d,0x2598daff3734257cd4249858c55d1aae3db62347,71323468023012445150,Naro Inu,NARO,9,156,245077,15935996564,196090,16889005,deprecated,0x7ff36ab5,"swapExactETHForTokens(uint256 amountOutMin, address[] path, address to, uint256 deadline)",10111585
14950085,1655036426,0x21c79bb87f2af11be015a52403350866d8e3d5bb2b97ee69a407bff0489cbaf4,8,0x59b636cdf7a29fcf9c1d443f03a8a5787d6870415301c1372a529b92af2db056,0x22f2f3fa2eff98334eeddf185f9fece513c4e5a9,0x7b508333ac4847e49271edd24ef4516a422a436d,0xa09c1494c6cad76f3a483ec904d450455a2fccec,123499446540274932227,Naro Inu,NARO,9,25,245077,17739595208,196090,3162543,deprecated,0x7ff36ab5,"swapExactETHForTokens(uint256 amountOutMin, address[] path, address to, uint256 deadline)",10111584
14950089,1655036455,0x4fdbd4499bfe3fc26b714c64a526e5b1fd884fc452b6ff6094c14142f0b7dced,123,0x83a1286868aa96cdadd96a0add6314461984af995438caf8dccf24dfc20f44b8,0x22f2f3fa2eff98334eeddf185f9fece513c4e5a9,0x7b508333ac4847e49271edd24ef4516a422a436d,0x74cb64aaed86953e8e4d88617105a0b5bf5a9389,8382861846681352950,Naro Inu,NARO,9,195,235933,16718804792,172001,20420861,deprecated,0x5ae401dc,"multicall(uint256 deadline, bytes[] data)",10111580
14950096,1655036535,0x1442994478337da6a3d010b783895074564cb0072f280840f0dcb07e041a8cd7,15,0x0597a7a1b5124fff2387152673a708f9dc1a4f79091bc0133ce6070fcb76e33c,0x22f2f3fa2eff98334eeddf185f9fece513c4e5a9,0x7b508333ac4847e49271edd24ef4516a422a436d,0x9d5a2410f6e46373227a660595f1503eae3756ce,27152256403788842742,Naro Inu,NARO,9,119,245077,15423911732,196090,11845987,deprecated,0x7ff36ab5,"swapExactETHForTokens(uint256 amountOutMin, address[] path, address to, uint256 deadline)",10111573
14950108,1655036662,0xaee7300f9d8afb31a07aceba3928717a0d96c196f85392f2257b04bc74ae0835,9,0x6c797bbd23b56862446b7712fe3f7287902b28eb0971ccf6a65f8ca84dce264c,0x22f2f3fa2eff98334eeddf185f9fece513c4e5a9,0x7b508333ac4847e49271edd24ef4516a422a436d,0xa09c1494c6cad76f3a483ec904d450455a2fccec,50910566540368718045,Naro Inu,NARO,9,130,206860,15570022692,161890,11717385,deprecated,0x7ff36ab5,"swapExactETHForTokens(uint256 amountOutMin, address[] path, address to, uint256 deadline)",10111561
14950158,1655037385,0xe27856581a89e6f0f570f7bb9a3d07b9680833f83ab07e65e6727654e853c099,6,0xe73fef450f2028fc4bd6d0065fb22fb4df9004950747d0c05fc8f4046956c83f,0x22f2f3fa2eff98334eeddf185f9fece513c4e5a9,0x7b508333ac4847e49271edd24ef4516a422a436d,0x7a250d5630b4cf539739df2c5dacb4c659f2488d,1167454529834659888998,Naro Inu,NARO,9,20,387370,15961836325,282754,6302932,deprecated,0x5b0d5984,"removeLiquidityETHWithPermitSupportingFeeOnTransferTokens(address token, uint256 liquidity, uint256 amountTokenMin, uint256 amountETHMin, address to, uint256 deadline, bool approveMax, uint8 v, bytes32 r, bytes32 s)",10111511
14950158,1655037385,0xe27856581a89e6f0f570f7bb9a3d07b9680833f83ab07e65e6727654e853c099,6,0xe73fef450f2028fc4bd6d0065fb22fb4df9004950747d0c05fc8f4046956c83f,0x7a250d5630b4cf539739df2c5dacb4c659f2488d,0x7b508333ac4847e49271edd24ef4516a422a436d,0xadda9d710328496737c3a53dd0416d696ee7e8cf,1182459614985324728495,Naro Inu,NARO,9,20,387370,15961836325,282754,6302932,deprecated,0x5b0d5984,"removeLiquidityETHWithPermitSupportingFeeOnTransferTokens(address token, uint256 liquidity, uint256 amountTokenMin, uint256 amountETHMin, address to, uint256 deadline, bool approveMax, uint8 v, bytes32 r, bytes32 s)",10111511
