blockNumber,timeStamp,hash,nonce,blockHash,from,to,contractAddress,value,tokenName,tokenSymbol,tokenDecimal,transactionIndex,gas,gasPrice,gasUsed,cumulativeGasUsed,input,methodId,functionName,confirmations
11708552,1611361597,0xf620feea725eba477cb41e15151e0df53a10bf6c1add3665a47fb35680c066ae,5,0x7cd92271613d1d1ffb85f96b1ca1bcf0c734d9467402d0da0921a95a10300598,0x0000000000000000000000000000000000000000,0x1efcd06aba353976f5ee9257ffa796b3edea62ad,0x010496d8f3269ee9b05060bdf40c2d66e83e61dd,500000000000000000000,Digg,DIGG,18,124,2908188,120000000000,2908188,12137029,deprecated,0x60806040,"atInversebrah(int248 a, uint48[] b, uint32 c, bytes20[] d, bytes30[] e)",13353130
11708552,1611361597,0xf620feea725eba477cb41e15151e0df53a10bf6c1add3665a47fb35680c066ae,5,0x7cd92271613d1d1ffb85f96b1ca1bcf0c734d9467402d0da0921a95a10300598,0x0000000000000000000000000000000000000000,0x2faf487a4414fe77e2327f0bf4ae2a264a776ad2,0x010496d8f3269ee9b05060bdf40c2d66e83e61dd,1000000000000000000000,Digg,DIGG,18,124,2908188,120000000000,2908188,12137029,deprecated,0x60806040,"atInversebrah(int248 a, uint48[] b, uint32 c, bytes20[] d, bytes30[] e)",13353130
11708552,1611361597,0xf620feea725eba477cb41e15151e0df53a10bf6c1add3665a47fb35680c066ae,5,0x7cd92271613d1d1ffb85f96b1ca1bcf0c734d9467402d0da0921a95a10300598,0x0000000000000000000000000000000000000000,0x660802fc641b154aba66a62137e71f331b6d787a,0x010496d8f3269ee9b05060bdf40c2d66e83e61dd,1000000000000000000000,Digg,DIGG,18,124,2908188,120000000000,2908188,12137029,deprecated,0x60806040,"atInversebrah(int248 a, uint48[] b, uint32 c, bytes20[] d, bytes30[] e)",13353130
11708552,1611361597,0xf620feea725eba477cb41e15151e0df53a10bf6c1add3665a47fb35680c066ae,5,0x7cd92271613d1d1ffb85f96b1ca1bcf0c734d9467402d0da0921a95a10300598,0x0000000000000000000000000000000000000000,0x5a54ca44e8f5a1a695f8621f15bfa159a140bb61,0x010496d8f3269ee9b05060bdf40c2d66e83e61dd,1000000000000000000000,Digg,DIGG,18,124,2908188,120000000000,2908188,12137029,deprecated,0x60806040,"atInversebrah(int248 a, uint48[] b, uint32 c, bytes20[] d, bytes30[] e)",13353130
11708552,1611361597,0xf620feea725eba477cb41e15151e0df53a10bf6c1add3665a47fb35680c066ae,5,0x7cd92271613d1d1ffb85f96b1ca1bcf0c734d9467402d0da0921a95a10300598,0x0000000000000000000000000000000000000000,0xb1adceddb2941033a090dd166a462fe1c2029484,0x010496d8f3269ee9b05060bdf40c2d66e83e61dd,500000000000000000000,Digg,DIGG,18,124,2908188,120000000000,2908188,12137029,deprecated,0x60806040,"atInversebrah(int248 a, uint48[] b, uint32 c, bytes20[] d, bytes30[] e)",13353130
11708563,1611361752,0x49cd53a20571197ff1cdf1526371dbcb695832bcec52feee55da29d71edc2f56,7,0x455083f136caa12beb4961023d933fd55eb21c3cf20bd628533804778029d851,0x1efcd06aba353976f5ee9257ffa796b3edea62ad,0x0d8a2d6c1dda5be4bd1c26c8cb9d081e799db61e,0x010496d8f3269ee9b05060bdf40c2d66e83e61dd,250000000000000000000,Digg,DIGG,18,97,3031977,108000000000,2715978,8369182,deprecated,0xf305d719,"addLiquidityETH(address token, uint256 amountTokenDesired, uint256 amountTokenMin, uint256 amountETHMin, address to, uint256 deadline)",13353119
11708568,1611361840,0x474daaaaf5ff719c4c8e23a62c985bc2d8d379a746932140b67fc74ed7a70046,8,0x8c640123dfc8528a8c23726051708e629f6740bbfac61ce298246899d682d8a0,0x0d8a2d6c1dda5be4bd1c26c8cb9d081e799db61e,0xb1adceddb2941033a090dd166a462fe1c2029484,0x010496d8f3269ee9b05060bdf40c2d66e83e61dd,248518637458086644,Digg,DIGG,18,80,203553,134000000000,158932,6867911,deprecated,0x7ff36ab5,"swapExactETHForTokens(uint256 amountOutMin, address[] path, address to, uint256 deadline)",13353114
11708568,1611361840,0xd112ab034ee6f4c586893ea1ed52437c8c4774b96e82a672b9618c538f5ac29a,9,0x8c640123dfc8528a8c23726051708e629f6740bbfac61ce298246899d682d8a0,0x0d8a2d6c1dda5be4bd1c26c8cb9d081e799db61e,0xb1adceddb2941033a090dd166a462fe1c2029484,0x010496d8f3269ee9b05060bdf40c2d66e83e61dd,173668746729467750,Digg,DIGG,18,86,203553,134000000000,101916,7477225,deprecated,0x7ff36ab5,"swapExactETHForTokens(uint256 amountOutMin, address[] path, address to, uint256 deadline)",13353114
11708568,1611361840,0x29d7d332aa42733a4ad8304e2edb5010165f08d840acb4f49f519395f888c5b0,10,0x8c640123dfc8528a8c23726051708e629f6740bbfac61ce298246899d682d8a0,0x0d8a2d6c1dda5be4bd1c26c8cb9d081e799db61e,0xb1adceddb2941033a090dd166a462fe1c2029484,0x010496d8f3269ee9b05060bdf40c2d66e83e61dd,198182641133981621,Digg,DIGG,18,90,203553,134000000000,101916,7706843,deprecated,0x7ff36ab5,"swapExactETHForTokens(uint256 amountOutMin, address[] path, address to, uint256 deadline)",13353114
11708572,1611361883,0x5ab5e5b853465f20268f9e82c45c7b4384b3e497d17f644f880354dae863e768,12,0x950c9266069b7bdb504790487bd6ab01abc6fa956740dd5280200cd5c0b07dd3,0x0d8a2d6c1dda5be4bd1c26c8cb9d081e799db61e,0x19d099670a21bc0a8211a89b84cedf59abb4377f,0x010496d8f3269ee9b05060bdf40c2d66e83e61dd,179873841902823158,Digg,DIGG,18,54,170030,165000000000,128932,2227368,deprecated,0x7ff36ab5,"swapExactETHForTokens(uint256 amountOutMin, address[] path, address to, uint256 deadline)",13353110
11708576,1611361922,0xc4aab7eff1408da2666670dac30cb44c0d826e4c33d054ed0770544a456bec64,13,0x1fc623f72b3dccddbec268404cc04a2193a522c1586b7db713749d26d3ebf6c2,0x0d8a2d6c1dda5be4bd1c26c8cb9d081e799db61e,0x5a54ca44e8f5a1a695f8621f15bfa159a140bb61,0x010496d8f3269ee9b05060bdf40c2d66e83e61dd,197582025531958438,Digg,DIGG,18,27,170017,165000000000,128920,1921926,deprecated,0x7ff36ab5,"swapExactETHForTokens(uint256 amountOutMin, address[] path, address to, uint256 deadline)",13353106
11708578,1611361945,0x50800a02135cc67a30b6e22e753e037daa5a3960418748092c3091634bc596de,14,0x3a2aeb4b979b8009638b7dea2e4656069cef884c51642b3aa87ef93b50d0bd3f,0x0d8a2d6c1dda5be4bd1c26c8cb9d081e799db61e,0x5e79958efbb8afdedb6ec7107110f329e4eafffa,0x010496d8f3269ee9b05060bdf40c2d66e83e61dd,213272443396646080,Digg,DIGG,18,7,156602,165000000000,128932,281964,deprecated,0x7ff36ab5,"swapExactETHForTokens(uint256 amountOutMin, address[] path, address to, uint256 deadline)",13353104
11708580,1611361958,0x85c19a97f54e4ead5c3e3842a472764f0f119af121f15300466f064db8c2a813,15,0x846886b8bf69db3a6fbfcbf91ca1b8c91eb409ac1c75c6560e82d8157844f47f,0x0d8a2d6c1dda5be4bd1c26c8cb9d081e799db61e,0x124fd4a9bd4914b32c77c9ae51819b1181dbb3d4,0x010496d8f3269ee9b05060bdf40c2d66e83e61dd,146893117890169623,Digg,DIGG,18,4,170030,165000000000,128932,444385,deprecated,0x7ff36ab5,"swapExactETHForTokens(uint256 amountOutMin, address[] path, address to, uint256 deadline)",13353102
11708583,1611362017,0x6a1e26475015c86661b249bdc6b7f256d7510fac8a4a55e29b4c9dd87b2defc9,16,0x1d430e0c2e773c5d55741920cfda23da375e2b81e34b3c437817a253ee8c42ab,0x0d8a2d6c1dda5be4bd1c26c8cb9d081e799db61e,0x7e7e112a68d8d2e221e11047a72ffc1065c38e1a,0x010496d8f3269ee9b05060bdf40c2d66e83e61dd,225665665975416729,Digg,DIGG,18,102,170030,132000000000,128932,10464709,deprecated,0x7ff36ab5,"swapExactETHForTokens(uint256 amountOutMin, address[] path, address to, uint256 deadline)",13353099
11708583,1611362017,0x26b9e38be48b3f9f0d02a8179c9afe9825913f7b99969d01768bdb8cafa8accb,17,0x1d430e0c2e773c5d55741920cfda23da375e2b81e34b3c437817a253ee8c42ab,0x0d8a2d6c1dda5be4bd1c26c8cb9d081e799db61e,0x660802fc641b154aba66a62137e71f331b6d787a,0x010496d8f3269ee9b05060bdf40c2d66e83e61dd,214143000000000000,Digg,DIGG,18,120,178427,132000000000,124907,12067365,deprecated,0xfb3bdb41,"swapETHForExactTokens(uint256 amountOut, address[] path, address to, uint256 deadline)",13353099
11708584,1611362028,0x04839372b57bbfdd72bf4f9ef3d818672b660d224f8bbfb6123aaf3d01f92938,18,0xb7488d8cc203fb7c8d6997cfb913e5c9646c72e0d79806960a093f4577f21991,0x0d8a2d6c1dda5be4bd1c26c8cb9d081e799db61e,0xec48d3ed49432ffe64f39b6eb559d0fa7ac9cc90,0x010496d8f3269ee9b05060bdf40c2d66e83e61dd,114402794403195928,Digg,DIGG,18,120,156602,132000000000,128932,6655961,deprecated,0x7ff36ab5,"swapExactETHForTokens(uint256 amountOutMin, address[] path, address to, uint256 deadline)",13353098
11708586,1611362080,0xc09e1727215ef39cf5d975c4178d1c853b90b58957c470e88f04b42875ca711a,20,0x4d9cc0fc5db73a27c344768e100070a154aa2f0f2098506f5381b9e5403e9ef7,0x0d8a2d6c1dda5be4bd1c26c8cb9d081e799db61e,0xb45e51485ff078e85d9ff29c3ac0cbd9351cebb1,0x010496d8f3269ee9b05060bdf40c2d66e83e61dd,99881534282776995,Digg,DIGG,18,71,156589,152000000000,128920,4656356,deprecated,0x7ff36ab5,"swapExactETHForTokens(uint256 amountOutMin, address[] path, address to, uint256 deadline)",13353096
11708588,1611362091,0xf74d91868e989fbcf4ad9ddabf011f4573dd7f1da3b5602364d6f26727c4f1cb,21,0x027c10305644a0e2691e7dbd2dc545fd249d07f500071c2181c28280195a5be4,0x0d8a2d6c1dda5be4bd1c26c8cb9d081e799db61e,0xf2e434772fc12705e823b2683703ee6cd8d19744,0x010496d8f3269ee9b05060bdf40c2d66e83e61dd,73409799473389493,Digg,DIGG,18,5,170017,152000000000,128920,326308,deprecated,0x7ff36ab5,"swapExactETHForTokens(uint256 amountOutMin, address[] path, address to, uint256 deadline)",13353094
11708591,1611362110,0xecafadd5b79b2bc733795983468d5f3c42a111d30b7cbcdd36940445930891b8,22,0xfe882e4c4caf5a1902b5ce3adc856aecdf35321d26fa099791f4a9299da04953,0x0d8a2d6c1dda5be4bd1c26c8cb9d081e799db61e,0x321d184b32c6b85b8d664e19d606bf5da7182328,0x010496d8f3269ee9b05060bdf40c2d66e83e61dd,152773986227288276,Digg,DIGG,18,44,170030,152000000000,128932,2656347,deprecated,0x7ff36ab5,"swapExactETHForTokens(uint256 amountOutMin, address[] path, address to, uint256 deadline)",13353091
11708592,1611362145,0x6326c9904ccfe42ff72e41cda49e13b5f420d9a45c908c0ca899b039bb7ed329,24,0x0fb9aab01f544b29ffd3b414c7acef2f2c574077945b0b6da82730c103d19d72,0x0d8a2d6c1dda5be4bd1c26c8cb9d081e799db61e,0x482c741b0711624d1f462e56ee5d8f776d5970dc,0x010496d8f3269ee9b05060bdf40c2d66e83e61dd,213063322090695073,Digg,DIGG,18,67,170030,152000000000,128932,2565497,deprecated,0x7ff36ab5,"swapExactETHForTokens(uint256 amountOutMin, address[] path, address to, uint256 deadline)",13353090
11708592,1611362145,0x54d46a3c23ae512474ecd5572c3b10349bd1550e09798dec8150441d066ff58c,25,0x0fb9aab01f544b29ffd3b414c7acef2f2c574077945b0b6da82730c103d19d72,0x0d8a2d6c1dda5be4bd1c26c8cb9d081e799db61e,0x0b18212aaa8409c919d748bdf4c0fb31e11b2c8f,0x010496d8f3269ee9b05060bdf40c2d66e83e61dd,146256031612787825,Digg,DIGG,18,131,156602,136000000000,116916,6680790,deprecated,0x7ff36ab5,"swapExactETHForTokens(uint256 amountOutMin, address[] path, address to, uint256 deadline)",13353090
11708592,1611362145,0x431c631b06bb5ee02121722230cae1d564daf73d86a46b0b50c064a96eec7910,26,0x0fb9aab01f544b29ffd3b414c7acef2f2c574077945b0b6da82730c103d19d72,0x0d8a2d6c1dda5be4bd1c26c8cb9d081e799db61e,0x592677809f71980a25836b326686e55b013108a1,0x010496d8f3269ee9b05060bdf40c2d66e83e61dd,262825343432516697,Digg,DIGG,18,149,156602,136000000000,116916,8347393,deprecated,0x7ff36ab5,"swapExactETHForTokens(uint256 amountOutMin, address[] path, address to, uint256 deadline)",13353090
11708601,1611362337,0x1cb366db05f23e4b4b2b97d90484d9d1377496759a069e54804787ce64ab1602,27,0x33769cd8462d865177d4b2440ca5145561f23e90d0940acfa6a8af8f67f06b17,0x0d8a2d6c1dda5be4bd1c26c8cb9d081e799db61e,0xbcfd5dbec5f49230210e0be85cee183097e840aa,0x010496d8f3269ee9b05060bdf40c2d66e83e61dd,337298681456005046,Digg,DIGG,18,98,170030,142000000000,128932,6114620,deprecated,0x7ff36ab5,"swapExactETHForTokens(uint256 amountOutMin, address[] path, address to, uint256 deadline)",13353081
11708601,1611362337,0xd428d08c3e9dc7d6b28e351f402edb8605315e30ea037df5244f2d5861bb1bfd,28,0x33769cd8462d865177d4b2440ca5145561f23e90d0940acfa6a8af8f67f06b17,0x0d8a2d6c1dda5be4bd1c26c8cb9d081e799db61e,0xedcc13d25e23032b61d30c298334f92d7c0ba84e,0x010496d8f3269ee9b05060bdf40c2d66e83e61dd,200000000000000000,Digg,DIGG,18,99,178414,142000000000,124895,6239515,deprecated,0xfb3bdb41,"swapETHForExactTokens(uint256 amountOut, address[] path, address to, uint256 deadline)",13353081
11708605,1611362411,0xb225501b668a753b83d0e39b84e0c455cb64d39b8de51ba7bd51cd2b6c895e44,29,0xdde284f010fe71e804d5b8937cca6e7f2cf096b37187355a8d4cdc056575b23a,0x0d8a2d6c1dda5be4bd1c26c8cb9d081e799db61e,0x9aef7c447f6bc8d010b22aff52d5b67785ed942c,0x010496d8f3269ee9b05060bdf40c2d66e83e61dd,241802708648395649,Digg,DIGG,18,65,170030,145000000000,128932,4041599,deprecated,0x7ff36ab5,"swapExactETHForTokens(uint256 amountOutMin, address[] path, address to, uint256 deadline)",13353077
11708611,1611362524,0x3bcf28f49c381cfe52a7ee521e65f0779a337a16d6d65ac1e8aed60dfa19db80,30,0xc37e36bc96a647d48bbcea90b05837b7e2a4c97c6e7bed71a36c35922ca1c44c,0x0d8a2d6c1dda5be4bd1c26c8cb9d081e799db61e,0xba681f15a7bacb49ccf4a6577f2b522869db90d8,0x010496d8f3269ee9b05060bdf40c2d66e83e61dd,172228595885692143,Digg,DIGG,18,76,170030,142000000000,128932,6544598,deprecated,0x7ff36ab5,"swapExactETHForTokens(uint256 amountOutMin, address[] path, address to, uint256 deadline)",13353071
11708634,1611362757,0x7b12fc8d48632ce2dc1a60fe2e34af88fb3d487e1563aa3dcc6abf26651a7390,32,0xbcf5bb5d74e5a36b6af42abd2544d8a8b38a5d06bd01bf8281595c6ab972b2f4,0x1efcd06aba353976f5ee9257ffa796b3edea62ad,0xda25ee226e534d868f0dd8a459536b03fee9079b,0x010496d8f3269ee9b05060bdf40c2d66e83e61dd,1000000000000000000000,Digg,DIGG,18,16,82333,144000000000,54889,1225681,deprecated,0xa9059cbb,"transfer(address _to, uint256 _value)",13353048
11708641,1611362823,0xc707e36d3d7602d299dea5b5f038a500c9a6a431cc850ca1977ff0af8ccc622e,33,0x3f17ef1f3c41326a6fbc50c160386a85f5b371ea347b6d462bd2fc609f24a03e,0x0d8a2d6c1dda5be4bd1c26c8cb9d081e799db61e,0xd683b78e988ba4bdb9fa0e2012c4c36b7cc96aad,0x010496d8f3269ee9b05060bdf40c2d66e83e61dd,223905482250286354,Digg,DIGG,18,66,170030,145000000000,128932,4238048,deprecated,0x7ff36ab5,"swapExactETHForTokens(uint256 amountOutMin, address[] path, address to, uint256 deadline)",13353041
11708644,1611362856,0x412351092f0dbaac2b3f1d9e2c27f5d73843dd02e82f85d913d236b81ae6d4af,34,0xbe546474140607532abcd2528d543b29e97bd1bff548b2fd7761f7ae60194131,0x0d8a2d6c1dda5be4bd1c26c8cb9d081e799db61e,0x59ce4a2ac5bc3f5f225439b2993b86b42f6d3e9f,0x010496d8f3269ee9b05060bdf40c2d66e83e61dd,167423792006301491,Digg,DIGG,18,19,170030,145000000000,128932,1008598,deprecated,0x7ff36ab5,"swapExactETHForTokens(uint256 amountOutMin, address[] path, address to, uint256 deadline)",13353038
11708645,1611362881,0x428a0dd3879e77135c5ff8958815f664e567c1d91d53baafce398ed8e473e77e,36,0x5cdf3abad18fbb607c490433035aa1218186ae8fc5b05d5d7c9acb8718da2fe4,0x0d8a2d6c1dda5be4bd1c26c8cb9d081e799db61e,0xedcc13d25e23032b61d30c298334f92d7c0ba84e,0x010496d8f3269ee9b05060bdf40c2d66e83e61dd,290987167770436857,Digg,DIGG,18,36,139840,145000000000,113932,2559815,deprecated,0x7ff36ab5,"swapExactETHForTokens(uint256 amountOutMin, address[] path, address to, uint256 deadline)",13353037
11708646,1611362894,0x622a492c5ea978752d1410c4c53e16a5243aa19dad51ead92777dc3bdeaf3507,38,0xc174d14edb815897522fb235a8b203698df288aa9a84f6c248d9feea4601be7e,0x0d8a2d6c1dda5be4bd1c26c8cb9d081e799db61e,0xab5801a7d398351b8be11c439e05c5b3259aec9b,0x010496d8f3269ee9b05060bdf40c2d66e83e61dd,383224032680446458,Digg,DIGG,18,44,156602,145000000000,128932,3764074,deprecated,0x7ff36ab5,"swapExactETHForTokens(uint256 amountOutMin, address[] path, address to, uint256 deadline)",13353036
11708649,1611362939,0x0a401e04460a0142a442053a988b47a53c2e37cae5e266ed748fdf0bb847f706,40,0x5c8412ee789106d783dd03e57f2006c1ec3e7a7fa38bb3d7f1fd9601391a75d0,0x0d8a2d6c1dda5be4bd1c26c8cb9d081e799db61e,0xa5f7a39e55d7878bc5bd754ee5d6bd7a7662355b,0x010496d8f3269ee9b05060bdf40c2d66e83e61dd,259740755354605106,Digg,DIGG,18,59,156602,132000000000,128932,4453989,deprecated,0x7ff36ab5,"swapExactETHForTokens(uint256 amountOutMin, address[] path, address to, uint256 deadline)",13353033
11708651,1611362995,0xd87ea931ea138db4f2fd2de3a7665293ac08f0b6b08ee5a656f66ba001ea6080,42,0x17b8197995805b6f274d48bb2aaa14f116b4d0f059b28e1e7d6958cc7db38929,0x0d8a2d6c1dda5be4bd1c26c8cb9d081e799db61e,0xe8b4ec3cd3d21b35b4fe55ad987e50d3b72ef11b,0x010496d8f3269ee9b05060bdf40c2d66e83e61dd,208987505636344571,Digg,DIGG,18,44,156602,132000000000,128932,2909156,deprecated,0x7ff36ab5,"swapExactETHForTokens(uint256 amountOutMin, address[] path, address to, uint256 deadline)",13353031
11708651,1611362995,0x5045322ca91f34ba7d151aaeada544b0148a952d148ff226ba371ad25e38cefd,44,0x17b8197995805b6f274d48bb2aaa14f116b4d0f059b28e1e7d6958cc7db38929,0x0d8a2d6c1dda5be4bd1c26c8cb9d081e799db61e,0x985cb8d1db2db971071aacf6222df421538332d7,0x010496d8f3269ee9b05060bdf40c2d66e83e61dd,160000000000000000,Digg,DIGG,18,49,165196,132000000000,124895,3287613,deprecated,0xfb3bdb41,"swapETHForExactTokens(uint256 amountOut, address[] path, address to, uint256 deadline)",13353031
11708654,1611363018,0xbd1cec6b57446131f22fda553f340bfabea217b0bc28c80cf5fd5e7b673a39d4,46,0xe1920ecbb594799493b4a0631973b82c0b61bd900baabdd95d9810ab8df6cb05,0x0d8a2d6c1dda5be4bd1c26c8cb9d081e799db61e,0xcaf80cfacbef94d37de091093822f2a862adc47f,0x010496d8f3269ee9b05060bdf40c2d66e83e61dd,236902489763647018,Digg,DIGG,18,144,170030,145000000000,128932,11250580,deprecated,0x7ff36ab5,"swapExactETHForTokens(uint256 amountOutMin, address[] path, address to, uint256 deadline)",13353028
11708655,1611363090,0x5d25be0526d5ada966f1be59c5a32168a0fa194206ca1b9072429261d9401e93,48,0x000a1c00c616ee5c77d82ac5e3ee5bc1dcb80035831be444ba27eb48d17748a1,0x0d8a2d6c1dda5be4bd1c26c8cb9d081e799db61e,0x31bc74806e7d7ab8571d94b2dafa5d6734a6d1e9,0x010496d8f3269ee9b05060bdf40c2d66e83e61dd,290000000000000000,Digg,DIGG,18,36,178414,145000000000,136911,2481965,deprecated,0xfb3bdb41,"swapETHForExactTokens(uint256 amountOut, address[] path, address to, uint256 deadline)",13353027
11708658,1611363115,0x018ac108b100399750502c893decaba99e89373309f1b97bae70b872b60f9cef,50,0x3f69a9f4bda6dd17570601f143606e5a5682c3490badbcbc7f9f876183cf4af3,0x0d8a2d6c1dda5be4bd1c26c8cb9d081e799db61e,0x48d93dabf29aa5d86424a90ee60f419f1837649f,0x010496d8f3269ee9b05060bdf40c2d66e83e61dd,300000000000000000,Digg,DIGG,18,15,178414,164000000000,136911,1054844,deprecated,0xfb3bdb41,"swapETHForExactTokens(uint256 amountOut, address[] path, address to, uint256 deadline)",13353024
11708663,1611363150,0xeb6ba4d42a809cccc27fa7e85988f5c65573125ab12ff2b9385e3fd6decda7d3,52,0xd484b450107279a30d5a39a2d7363ea121e5a56204f3aa7b2c679eb9620e7187,0x0d8a2d6c1dda5be4bd1c26c8cb9d081e799db61e,0x7d411873898ab53ee8260273ee9232213524ad62,0x010496d8f3269ee9b05060bdf40c2d66e83e61dd,400000000000000000,Digg,DIGG,18,3,178414,164000000000,136911,304089,deprecated,0xfb3bdb41,"swapETHForExactTokens(uint256 amountOut, address[] path, address to, uint256 deadline)",13353019
11708665,1611363163,0x95297036b2b1ee6d690531a0925bea7b2a1f43fe72a4c8b581b8d4b037e948b0,54,0xa1971412b87355e6c4c5738eb7ed623204e13ff1824ef0ea2c2be992091ad0a8,0x0d8a2d6c1dda5be4bd1c26c8cb9d081e799db61e,0xb3b7e2c750b8ea3d65e311c8c1661b9aaa9f04c8,0x010496d8f3269ee9b05060bdf40c2d66e83e61dd,250000000000000000,Digg,DIGG,18,69,178414,164000000000,136911,2361805,deprecated,0xfb3bdb41,"swapETHForExactTokens(uint256 amountOut, address[] path, address to, uint256 deadline)",13353017
11708666,1611363186,0x50c9804fa76c6704110ace7218520f8b6f4829d442e271fa72fb4bec3a2eac32,56,0xebfd5b949f360c3b60d12e1f49c8970cb3bd6754609d7048d8bd31ffb05a9911,0x0d8a2d6c1dda5be4bd1c26c8cb9d081e799db61e,0x447f95026107aaed7472a0470931e689f51e0e42,0x010496d8f3269ee9b05060bdf40c2d66e83e61dd,190000000000000000,Digg,DIGG,18,66,165196,128000000000,136911,5226616,deprecated,0xfb3bdb41,"swapETHForExactTokens(uint256 amountOut, address[] path, address to, uint256 deadline)",13353016
11708669,1611363250,0xdf72299fdd2ce7d71fba1d74a3e0b72394c5e51736928a6381250c741dbc409b,58,0x452ec3e25cad4949fe12797756fe92a217a15e7a9585aab703f082165e52ec0a,0x0d8a2d6c1dda5be4bd1c26c8cb9d081e799db61e,0x28ed82c090653d9f521c2bcf0c95763306221fc4,0x010496d8f3269ee9b05060bdf40c2d66e83e61dd,109974523400000000,Digg,DIGG,18,58,178427,128000000000,136923,7072862,deprecated,0xfb3bdb41,"swapETHForExactTokens(uint256 amountOut, address[] path, address to, uint256 deadline)",13353013
11708670,1611363258,0x62c50ed2bed72179b597e6e435260ba514c900fe4105da24fccaa6ecbb78bc4a,60,0xecc7861873ce23d638e53e1a777e7f1f2e9e41add08b055287466dabfe9d021e,0x0d8a2d6c1dda5be4bd1c26c8cb9d081e799db61e,0xa5fec37d68171781fb3f93702a30905ef75dd22e,0x010496d8f3269ee9b05060bdf40c2d66e83e61dd,134865900000000000,Digg,DIGG,18,127,165210,128000000000,136923,9115400,deprecated,0xfb3bdb41,"swapETHForExactTokens(uint256 amountOut, address[] path, address to, uint256 deadline)",13353012
11708671,1611363278,0xadcf306f580650ad75953e6b3c1c99f8838b212b5bcc9431e13073460c10553e,62,0x188d4c1849a6efe63197fcf87aa60288e8a7cc4e3e1f5a71671c7b4ce31709dc,0x0d8a2d6c1dda5be4bd1c26c8cb9d081e799db61e,0x5bdbecc6e6292aaf2882d6ed503be926e128a5bf,0x010496d8f3269ee9b05060bdf40c2d66e83e61dd,199999000000000000,Digg,DIGG,18,20,165210,145000000000,136923,1760042,deprecated,0xfb3bdb41,"swapETHForExactTokens(uint256 amountOut, address[] path, address to, uint256 deadline)",13353011
11708675,1611363313,0xd8ed13c8234e995821ebadf606c78e621c969729ab22edc979aecd8ca700dff0,64,0xd1da006cccf522ca4fe4cc105d23143a37f0cd94e602d337df836b5f4bc8fa2e,0x0d8a2d6c1dda5be4bd1c26c8cb9d081e799db61e,0x083fc10ce7e97cafbae0fe332a9c4384c5f54e45,0x010496d8f3269ee9b05060bdf40c2d66e83e61dd,343005224696953431,Digg,DIGG,18,25,156602,145000000000,128932,2086435,deprecated,0x7ff36ab5,"swapExactETHForTokens(uint256 amountOutMin, address[] path, address to, uint256 deadline)",13353007
11708681,1611363413,0x8d7ac5fc5b80bf4fa9be4912396a9efa7bb5f92a2aacbd95e365862691c6dd4a,67,0x123c571c9e54468586aec5de993376f3a2d3c2d14230465443f36fe692c49e67,0x0d8a2d6c1dda5be4bd1c26c8cb9d081e799db61e,0x564b31fe75510a1adb311aece4faa63346ed142c,0x010496d8f3269ee9b05060bdf40c2d66e83e61dd,128940000000000000,Digg,DIGG,18,8,178427,143000000000,136923,667740,deprecated,0xfb3bdb41,"swapETHForExactTokens(uint256 amountOut, address[] path, address to, uint256 deadline)",13353001
11708682,1611363416,0x013088518f36d32b782b7663ee077a1527d222c9ccb88d8a7b7b36e2b9d8d0d9,68,0xaa506e2ba326b2e2f5cb3b37c001449d11d705b63ae345b64b0e1efc068b732f,0x0d8a2d6c1dda5be4bd1c26c8cb9d081e799db61e,0xd85a7a3c5f08e3e709c233e133ce1335fbbf5518,0x010496d8f3269ee9b05060bdf40c2d66e83e61dd,228937450000000000,Digg,DIGG,18,132,165210,143000000000,136923,6489790,deprecated,0xfb3bdb41,"swapETHForExactTokens(uint256 amountOut, address[] path, address to, uint256 deadline)",13353000
11708685,1611363462,0x1dd4bca1a677073124a9440e929f5141a0ba1b0b4c73590827e31a1e2abf66fa,70,0x1353b3b2446d3fa2e063445e10e1d2cf68f35b3abb8ea072d1a44b431960b430,0x0d8a2d6c1dda5be4bd1c26c8cb9d081e799db61e,0xc8482e19c3fcd56b499d376ab1aad069442ba0cb,0x010496d8f3269ee9b05060bdf40c2d66e83e61dd,154860246866592876,Digg,DIGG,18,99,156602,143000000000,128932,5248802,deprecated,0x7ff36ab5,"swapExactETHForTokens(uint256 amountOutMin, address[] path, address to, uint256 deadline)",13352997
11708691,1611363495,0x2ae8840a0d9302fdfff2d6e0e931ca5c49361dd8ca277f044311b20e5d519088,72,0x089706819a76ad5a52940f767be30c107971ff10728145fe5f1d72309701206e,0x0d8a2d6c1dda5be4bd1c26c8cb9d081e799db61e,0x443d2f2755db5942601fa062cc248aaa153313d3,0x010496d8f3269ee9b05060bdf40c2d66e83e61dd,252527127818915877,Digg,DIGG,18,11,170030,145000000000,128932,1522556,deprecated,0x7ff36ab5,"swapExactETHForTokens(uint256 amountOutMin, address[] path, address to, uint256 deadline)",13352991
11708692,1611363512,0xc0c033595666f430b0423569ba0b424e940094cb7cfb3da75472487f1f468b66,74,0xe217c86a90b3a51114ae300a79fbe11acad20deda57606f3c2698da393a0124f,0x0d8a2d6c1dda5be4bd1c26c8cb9d081e799db61e,0xc24da173a250e9ca5c54870639ebe5f88be5102d,0x010496d8f3269ee9b05060bdf40c2d66e83e61dd,189260351000000000,Digg,DIGG,18,100,178427,145000000000,136923,3753628,deprecated,0xfb3bdb41,"swapETHForExactTokens(uint256 amountOut, address[] path, address to, uint256 deadline)",13352990
11708695,1611363537,0x83a71572746f8cc49d256345dd9f4e8b74b2fb4ae04e40bd454a35c8f85dcf56,76,0x081bc4aa89c7e4fb7b5dd5d23b5a5383390a8f06dc1e94d1737dcf0ee56d033c,0x0d8a2d6c1dda5be4bd1c26c8cb9d081e799db61e,0x8db0401f6de4addbe50ede7b1460852ae837dbdd,0x010496d8f3269ee9b05060bdf40c2d66e83e61dd,231092746652198670,Digg,DIGG,18,50,170030,145000000000,128932,2343799,deprecated,0x7ff36ab5,"swapExactETHForTokens(uint256 amountOutMin, address[] path, address to, uint256 deadline)",13352987
11708697,1611363565,0x1f704d7fc3c455d3225fae49000c0fa02f1019a095dcff8ef15a26c26d227575,79,0x8f6b1c4f37fd5ad58da179e0977afe625c68919f2a9e8ac47a9ef6995338d6b8,0x0d8a2d6c1dda5be4bd1c26c8cb9d081e799db61e,0x556bd626535022cb854e297ada4f46807da54b2c,0x010496d8f3269ee9b05060bdf40c2d66e83e61dd,202209198527384132,Digg,DIGG,18,188,170030,129000000000,128932,9967109,deprecated,0x7ff36ab5,"swapExactETHForTokens(uint256 amountOutMin, address[] path, address to, uint256 deadline)",13352985
11708698,1611363613,0x733f63cd2cfa98da1d18b92d413421b7a6bfd65f70d148e1ee65e3a75c38f0fb,80,0x757dca9e5edc03def2d0bcc0e56d7dde3d2f441268d8b4611a35542278c76c3c,0x0d8a2d6c1dda5be4bd1c26c8cb9d081e799db61e,0xdc162eb6648547b15700a3c5d2ee86ac3b4248e1,0x010496d8f3269ee9b05060bdf40c2d66e83e61dd,252047687745222664,Digg,DIGG,18,116,170017,129000000000,128920,6862805,deprecated,0x7ff36ab5,"swapExactETHForTokens(uint256 amountOutMin, address[] path, address to, uint256 deadline)",13352984
11708701,1611363658,0x8fb41fe7b02c6fc91425b95d630221a0edbc5345fb0465634faec2b6e2705458,82,0x89f77d72086454557951678c87fe62cb8076d48585b8fbb81fc5d83a12ac7749,0x1efcd06aba353976f5ee9257ffa796b3edea62ad,0xe86204c4eddd2f70ee00ead6805f917671f56c52,0x010496d8f3269ee9b05060bdf40c2d66e83e61dd,500293745000000000000,Digg,DIGG,18,26,82333,142000000000,54889,2209203,deprecated,0xa9059cbb,"transfer(address _to, uint256 _value)",13352981
11708706,1611363699,0x9435d01ab7467133cc5ccac29b09c2562b73c8275e914111ef136e0473d3d51b,83,0x9ae4007348eda12b774277a6529ea2137f01ee1e774a068f869747ad5adf9035,0x1efcd06aba353976f5ee9257ffa796b3edea62ad,0x9a13867048e01c663ce8ce2fe0cdae69ff9f35e3,0x010496d8f3269ee9b05060bdf40c2d66e83e61dd,432523047000000000000,Digg,DIGG,18,38,82351,142000000000,54901,3287114,deprecated,0xa9059cbb,"transfer(address _to, uint256 _value)",13352976
11708707,1611363739,0xb456990c531ce45dc9711ce604502eb8f6fa49cdd99201fca50de594d4455144,262,0xef18bcf99a9931f318e3ebdc2b1f1704b4256a707cc1ed7f4266bc8eff618e9d,0x0d8a2d6c1dda5be4bd1c26c8cb9d081e799db61e,0xc14f02998bff15f24ba6781ab9a15abe9780dc7f,0x010496d8f3269ee9b05060bdf40c2d66e83e61dd,1071682128734630205,Digg,DIGG,18,153,220914,96800000000,190259,9095008,deprecated,0x38ed1739,"swapExactTokensForTokens(uint256 amountIn, uint256 amountOutMin, address[] path, address to, uint256 deadline)",13352975
11708714,1611363808,0xa91a3bed85857ba75f2a2e1aafe931798065b414ef84115a922ccfca1623f4df,84,0x802d3f7fb7c4713b837f99e59b6d7779182f3b3e60af992da59667f115c98902,0x1efcd06aba353976f5ee9257ffa796b3edea62ad,0xe86204c4eddd2f70ee00ead6805f917671f56c52,0x010496d8f3269ee9b05060bdf40c2d66e83e61dd,502293047510000000000,Digg,DIGG,18,26,59833,141000000000,39889,1798093,deprecated,0xa9059cbb,"transfer(address _to, uint256 _value)",13352968
11708717,1611363836,0xbf9f29543b06f0f6f2949eee4285dc9429d64a981d73e869000b8e5f1aad2860,85,0xb3766ac117fca95873f9d12cc45b97302964f4cee60e0446aa24cd54cc4c2bb2,0x0d8a2d6c1dda5be4bd1c26c8cb9d081e799db61e,0x8af2890098b827271e92df55bf51f092dfd7972c,0x010496d8f3269ee9b05060bdf40c2d66e83e61dd,142841000000000000,Digg,DIGG,18,18,178414,141000000000,136911,1216988,deprecated,0xfb3bdb41,"swapETHForExactTokens(uint256 amountOut, address[] path, address to, uint256 deadline)",13352965
11708721,1611363884,0xd9d8582ac6889c05e9cb39145b1cad23cd4f0049057f955bfec672909f37f2ef,14,0x28fe8648733d5375024754592ce4ac672fb2d5145f9f9a56b0ab242943723829,0x0d8a2d6c1dda5be4bd1c26c8cb9d081e799db61e,0x7724c19b5ac3230b8b74457291a5f1c2e09496b1,0x010496d8f3269ee9b05060bdf40c2d66e83e61dd,4658921293250170638,Digg,DIGG,18,36,214387,100000000000,169326,2306682,deprecated,0x38ed1739,"swapExactTokensForTokens(uint256 amountIn, uint256 amountOutMin, address[] path, address to, uint256 deadline)",13352961
11708722,1611363891,0xf6fb40c74d2e3da196240817079bc03bede4ed88054c38fd03c064e705de1be6,87,0x2d13e43124df0e3ab828fde604599699adfefa59d0474cb7cbf27559870d15e8,0x0d8a2d6c1dda5be4bd1c26c8cb9d081e799db61e,0x97960149fc611508748de01202974d372a677632,0x010496d8f3269ee9b05060bdf40c2d66e83e61dd,160000000000000000,Digg,DIGG,18,231,178414,90000000000,136911,8511694,deprecated,0xfb3bdb41,"swapETHForExactTokens(uint256 amountOut, address[] path, address to, uint256 deadline)",13352960
11708724,1611363940,0xf57fb70725fb4aa8de8d8427ac0c4d960880f4e4e40109d5fedd8f7fadcd2331,88,0xa61d1575b91d2aa9a17af384753f72c5486f49a583143b3fb0664fd3fa3fd594,0x0d8a2d6c1dda5be4bd1c26c8cb9d081e799db61e,0x97960149fc611508748de01202974d372a677632,0x010496d8f3269ee9b05060bdf40c2d66e83e61dd,185462257600835635,Digg,DIGG,18,54,153267,146000000000,113932,3046962,deprecated,0x7ff36ab5,"swapExactETHForTokens(uint256 amountOutMin, address[] path, address to, uint256 deadline)",13352958
11708726,1611363977,0xdc4f8f6c2255882e639f104f6ee01835fcca2411259ca85a07b551729427979f,90,0x9fa2b8f98de76dc70aca079cfea8ac1ec765656c33360f0909ce26d23c094cac,0x0d8a2d6c1dda5be4bd1c26c8cb9d081e799db61e,0x375f95fb45811ace248adc5baee5228d91ffca50,0x010496d8f3269ee9b05060bdf40c2d66e83e61dd,134999509862334608,Digg,DIGG,18,29,170030,146000000000,128932,1762401,deprecated,0x7ff36ab5,"swapExactETHForTokens(uint256 amountOutMin, address[] path, address to, uint256 deadline)",13352956
11708730,1611364031,0x34d8dd6dba0e7b0d107835fc2b98cc13b27f7826c98e4791bc7ec43dccf06ee7,92,0x1065539da0bc94965be94ac6e5c6be2087962ea602ac69c2fd6a406baa40531d,0x0d8a2d6c1dda5be4bd1c26c8cb9d081e799db61e,0x39415255619783a2e71fcf7d8f708a951d92e1b6,0x010496d8f3269ee9b05060bdf40c2d66e83e61dd,177561721099107197,Digg,DIGG,18,29,170030,146000000000,128932,3215081,deprecated,0x7ff36ab5,"swapExactETHForTokens(uint256 amountOutMin, address[] path, address to, uint256 deadline)",13352952
11708732,1611364084,0xd00e785280b7a81fd7f01280a566c665a67c1af39462f28ada209c12d486c733,94,0xb1d54f0163a4d7cba87e6739328096a4109b229e70bc58da591813748d16bc76,0x0d8a2d6c1dda5be4bd1c26c8cb9d081e799db61e,0xe7d4a074fd56564893515ee76e5dc43f1c298d0f,0x010496d8f3269ee9b05060bdf40c2d66e83e61dd,150000000000000000,Digg,DIGG,18,6,165196,146000000000,136911,655030,deprecated,0xfb3bdb41,"swapETHForExactTokens(uint256 amountOut, address[] path, address to, uint256 deadline)",13352950
11708733,1611364093,0x826d1a65f6d28c23b77864cff20750f2cbeeb035fec1af70786807f055c238ed,96,0x027051937527cb3588d4c18b0d9375ef82392ee896fe216e74cf1b444053f745,0x0d8a2d6c1dda5be4bd1c26c8cb9d081e799db61e,0x042ed37d32b88ab6b1c2e7b8a400dcdc728050bc,0x010496d8f3269ee9b05060bdf40c2d66e83e61dd,200000000000000000,Digg,DIGG,18,19,165183,146000000000,136899,1427729,deprecated,0xfb3bdb41,"swapETHForExactTokens(uint256 amountOut, address[] path, address to, uint256 deadline)",13352949
11708734,1611364110,0xc4375ba946a90b92b432bff580053eae2879a64cf5261474453c7bdd2f818069,98,0x2405f66718c3673796ac55974f7fb74ae12c96d51178d4a62ba3458adf3619ea,0x0d8a2d6c1dda5be4bd1c26c8cb9d081e799db61e,0x48fe56b756ef2717d1db4050ef648ad4b72f55b9,0x010496d8f3269ee9b05060bdf40c2d66e83e61dd,130128243117262747,Digg,DIGG,18,51,156602,137000000000,128932,2254765,deprecated,0x7ff36ab5,"swapExactETHForTokens(uint256 amountOutMin, address[] path, address to, uint256 deadline)",13352948
11708734,1611364110,0xde0e22b4b0dbdc9edbe31a8db1ee1beb0c292481fccccc329757f499f3ab4bab,100,0x2405f66718c3673796ac55974f7fb74ae12c96d51178d4a62ba3458adf3619ea,0x0d8a2d6c1dda5be4bd1c26c8cb9d081e799db61e,0x965b813b302dfccdf6c2f676d59d7d3c960d3582,0x010496d8f3269ee9b05060bdf40c2d66e83e61dd,160000000000000000,Digg,DIGG,18,62,165196,137000000000,124895,3207372,deprecated,0xfb3bdb41,"swapETHForExactTokens(uint256 amountOut, address[] path, address to, uint256 deadline)",13352948
11708738,1611364211,0x671f21a7354c326f6ed47a1ed6d9222fc4bf7369a7d3553b676f8de17f5536a4,102,0x695326c832bda8677e7315ff6908c1851068b42a26582588b0382aa7931c00fe,0x0d8a2d6c1dda5be4bd1c26c8cb9d081e799db61e,0x4008a668f5c836dd76b218dfe94146572cc8154f,0x010496d8f3269ee9b05060bdf40c2d66e83e61dd,199999000000000000,Digg,DIGG,18,52,178427,130000000000,136923,2382669,deprecated,0xfb3bdb41,"swapETHForExactTokens(uint256 amountOut, address[] path, address to, uint256 deadline)",13352944
11708739,1611364237,0xe22f0ef52e622dd9a49241ead1f7a720b8668892edabaf74c2856b1d0da8f2dc,104,0x2b2814a6c7c1a1878ba7a9c3086443c45d5f166093f58566ecc5cb975b07f475,0x0d8a2d6c1dda5be4bd1c26c8cb9d081e799db61e,0x2bf792ffe8803585f74e06907900c2dc2c29adcb,0x010496d8f3269ee9b05060bdf40c2d66e83e61dd,240000000000000000,Digg,DIGG,18,11,178401,130000000000,136899,1395060,deprecated,0xfb3bdb41,"swapETHForExactTokens(uint256 amountOut, address[] path, address to, uint256 deadline)",13352943
11708742,1611364261,0x4c6e3a9da1178949586c879be9bed7ec30e1d027135a45c2cc9b1646557ca161,106,0x884e80c3835b4dd65a29f6c7db7c96da3d4572f636dddea2a79bce632bb20c21,0x0d8a2d6c1dda5be4bd1c26c8cb9d081e799db61e,0x82fb2f4b37ca02510b2ed67bdfc2701392bb62b5,0x010496d8f3269ee9b05060bdf40c2d66e83e61dd,191520026353393443,Digg,DIGG,18,38,170030,130000000000,128932,1735401,deprecated,0x7ff36ab5,"swapExactETHForTokens(uint256 amountOutMin, address[] path, address to, uint256 deadline)",13352940
11708745,1611364276,0xeca0d921def657a8200130388077400b61f3327637144e0cd8364ba14f90f4f4,108,0x26d067d8d104c0738fd28dd1650925ba8678bba1131c983fe297a2baf9a8b530,0x0d8a2d6c1dda5be4bd1c26c8cb9d081e799db61e,0x691ce62a208b195accf54c39a98f1112c90046d1,0x010496d8f3269ee9b05060bdf40c2d66e83e61dd,157392879463702721,Digg,DIGG,18,37,170017,130000000000,128920,1924639,deprecated,0x7ff36ab5,"swapExactETHForTokens(uint256 amountOutMin, address[] path, address to, uint256 deadline)",13352937
11708747,1611364298,0xdfe2fe0b2fac612ee7af44afb0e73b63bedd8a06ccd26dfce2878ce2ed7a3099,110,0x9d87d61f91a24308d0dcba0144934680d5e5cfb18d5d58ba9240726583eb2722,0x0d8a2d6c1dda5be4bd1c26c8cb9d081e799db61e,0x7a16ff8270133f063aab6c9977183d9e72835428,0x010496d8f3269ee9b05060bdf40c2d66e83e61dd,177770000000000000,Digg,DIGG,18,159,178427,118000000000,136923,5295031,deprecated,0xfb3bdb41,"swapETHForExactTokens(uint256 amountOut, address[] path, address to, uint256 deadline)",13352935
11708752,1611364337,0xf5e83990926f98515ad146331a7de44cdd7af04e4fe895893868cec1d61e75fe,112,0xca3e8377f756e223a7c27abaac76f5fda8b8abfe53c7f30ff7a32cbe7c9ff920,0x0d8a2d6c1dda5be4bd1c26c8cb9d081e799db61e,0xcfc50541c3deaf725ce738ef87ace2ad778ba0c5,0x010496d8f3269ee9b05060bdf40c2d66e83e61dd,260507996037414420,Digg,DIGG,18,117,170030,118000000000,128932,4227867,deprecated,0x7ff36ab5,"swapExactETHForTokens(uint256 amountOutMin, address[] path, address to, uint256 deadline)",13352930
11708755,1611364365,0x959af31bd29266a1b8d5623140ff67b728589fb40c503bc19dd5541fd8cc83f1,114,0x271c115c1ac3744b1b111abef103e7e8352cfd1431e2f427ae28ba3b36b1ada3,0x0d8a2d6c1dda5be4bd1c26c8cb9d081e799db61e,0xbbd78233f019e3774baa601b613cea31bbddd4bf,0x010496d8f3269ee9b05060bdf40c2d66e83e61dd,220000000000000000,Digg,DIGG,18,44,178414,113000000000,136911,1745382,deprecated,0xfb3bdb41,"swapETHForExactTokens(uint256 amountOut, address[] path, address to, uint256 deadline)",13352927
11708757,1611364391,0x96a44b6aa5214950ffdbac134050845a4932dfc9f4be28f3b7593e65d95c302b,116,0x4dc2772b128739fde9dc47ccb294dd7c9e96e82958e4055e32828b436798db09,0x0d8a2d6c1dda5be4bd1c26c8cb9d081e799db61e,0xf7f8e8461dd7d27a2b1c439372d171e38e6d71ae,0x010496d8f3269ee9b05060bdf40c2d66e83e61dd,209314870664705970,Digg,DIGG,18,61,156602,113000000000,128932,1972946,deprecated,0x7ff36ab5,"swapExactETHForTokens(uint256 amountOutMin, address[] path, address to, uint256 deadline)",13352925
11708757,1611364391,0xa2c05a3d6e827db6c24f833ba9e6a2161e6fdda5534f60517e160ddcc7534c54,16,0x4dc2772b128739fde9dc47ccb294dd7c9e96e82958e4055e32828b436798db09,0x0d8a2d6c1dda5be4bd1c26c8cb9d081e799db61e,0x7724c19b5ac3230b8b74457291a5f1c2e09496b1,0x010496d8f3269ee9b05060bdf40c2d66e83e61dd,8111848594199984052,Digg,DIGG,18,87,214374,85000000000,157537,3291726,deprecated,0x38ed1739,"swapExactTokensForTokens(uint256 amountIn, uint256 amountOutMin, address[] path, address to, uint256 deadline)",13352925
11708762,1611364436,0xd7f7fc912c74fffbe5745f4ca4176b8dc73e2d67db820448d70ac76b1da345d6,118,0x521e9fa4144313b319982200b44c7bf0848d546828e7c581775e13df768df8ce,0x0d8a2d6c1dda5be4bd1c26c8cb9d081e799db61e,0x148e2ed011a9eaaa200795f62889d68153eeacde,0x010496d8f3269ee9b05060bdf40c2d66e83e61dd,136015626031203561,Digg,DIGG,18,15,170030,113000000000,128932,713784,deprecated,0x7ff36ab5,"swapExactETHForTokens(uint256 amountOutMin, address[] path, address to, uint256 deadline)",13352920
11708801,1611364833,0xd295ad15e3c0483909a1abe73156f9772e816bcbc135e20fb931caf2f693afb9,264,0x29c3d043454fab2fff5904ba66de5a7eef493428582c520889c8546e68a891f9,0x0d8a2d6c1dda5be4bd1c26c8cb9d081e799db61e,0xc14f02998bff15f24ba6781ab9a15abe9780dc7f,0x010496d8f3269ee9b05060bdf40c2d66e83e61dd,3282970768056742949,Digg,DIGG,18,95,209128,59400000000,179784,5858415,deprecated,0x38ed1739,"swapExactTokensForTokens(uint256 amountIn, uint256 amountOutMin, address[] path, address to, uint256 deadline)",13352881
11708818,1611365070,0x43d10d12992b5651e5e30bf12a434d0cd5b375915f5588ab98de89baafc54f8f,265,0xe8f01c140a3feff09665d9b9e8884eebe0e7ec6c92d4f9a9b95aab40ee2b6545,0x0d8a2d6c1dda5be4bd1c26c8cb9d081e799db61e,0xc14f02998bff15f24ba6781ab9a15abe9780dc7f,0x010496d8f3269ee9b05060bdf40c2d66e83e61dd,2095464528040980145,Digg,DIGG,18,128,250674,58300000000,213353,9635623,deprecated,0x38ed1739,"swapExactTokensForTokens(uint256 amountIn, uint256 amountOutMin, address[] path, address to, uint256 deadline)",13352864
11708824,1611365173,0x108257e78d79ee8a52db05f628ff81ff1073b77f1989459c6254d5244f0a7e94,120,0xe27cfbb653782db37403e43c67d05e280478421b089d061644da071d3f971d76,0x0d8a2d6c1dda5be4bd1c26c8cb9d081e799db61e,0x4008a668f5c836dd76b218dfe94146572cc8154f,0x010496d8f3269ee9b05060bdf40c2d66e83e61dd,151082928867393513,Digg,DIGG,18,6,153267,88000000000,113932,437346,deprecated,0x7ff36ab5,"swapExactETHForTokens(uint256 amountOutMin, address[] path, address to, uint256 deadline)",13352858
11708826,1611365186,0x5f8caf55492a5d90a71e759cd5c7960658257f708dbde3fbb50bb5951b2c7073,122,0x1e24232d457f0b56aca6487d1f6a04f4413aae6f1072a506d2cf9ca72f87175f,0x0d8a2d6c1dda5be4bd1c26c8cb9d081e799db61e,0x2bf792ffe8803585f74e06907900c2dc2c29adcb,0x010496d8f3269ee9b05060bdf40c2d66e83e61dd,215847295396113252,Digg,DIGG,18,147,153254,88000000000,113920,7719768,deprecated,0x7ff36ab5,"swapExactETHForTokens(uint256 amountOutMin, address[] path, address to, uint256 deadline)",13352856
11708827,1611365229,0x7304b364fe40c31834bede0633e4207190395f094701a7965021ca6d5a2860ee,124,0x03b0a121e1f15663fa6d80722b8212153853c860f9435c51bb8547dba7805e46,0x0d8a2d6c1dda5be4bd1c26c8cb9d081e799db61e,0x82fb2f4b37ca02510b2ed67bdfc2701392bb62b5,0x010496d8f3269ee9b05060bdf40c2d66e83e61dd,130380999312031892,Digg,DIGG,18,131,139840,88000000000,113932,6291696,deprecated,0x7ff36ab5,"swapExactETHForTokens(uint256 amountOutMin, address[] path, address to, uint256 deadline)",13352855
11708829,1611365246,0xdd1310efcd9cf7bd07c95840fa21f7f0ceaecfd96dba5778a214788a76cd5a7a,125,0x7c1a370a64e841fbf3431a8653db9399afe3ac57613dbed481dec1a0b50c8fa4,0x0d8a2d6c1dda5be4bd1c26c8cb9d081e799db61e,0x691ce62a208b195accf54c39a98f1112c90046d1,0x010496d8f3269ee9b05060bdf40c2d66e83e61dd,180000000000000000,Digg,DIGG,18,91,148683,88000000000,121899,6522169,deprecated,0xfb3bdb41,"swapETHForExactTokens(uint256 amountOut, address[] path, address to, uint256 deadline)",13352853
11708830,1611365263,0xf54a504772d86e2c0b2aa4c620b98d5bf0d0995e77a788855bad49a440dcaf93,127,0xfba14837baad298c84bf84ceb0467627e432339a0498dc646069aebcb90b817b,0x0d8a2d6c1dda5be4bd1c26c8cb9d081e799db61e,0x7a16ff8270133f063aab6c9977183d9e72835428,0x010496d8f3269ee9b05060bdf40c2d66e83e61dd,230000000000000000,Digg,DIGG,18,45,148696,88000000000,121911,2846125,deprecated,0xfb3bdb41,"swapETHForExactTokens(uint256 amountOut, address[] path, address to, uint256 deadline)",13352852
11708836,1611365347,0x49abfccb926053b2658035638a5371febe8b87a169620bf56c72d8c93bf730c4,129,0xf90cc193e91d6c4a07c693ed269e18098b9395de769ef47a5aebef01a44abdd8,0x0d8a2d6c1dda5be4bd1c26c8cb9d081e799db61e,0x4862733b5fddfd35f35ea8ccf08f5045e57388b3,0x010496d8f3269ee9b05060bdf40c2d66e83e61dd,130000000000000000,Digg,DIGG,18,226,178414,87000000000,136911,9073306,deprecated,0xfb3bdb41,"swapETHForExactTokens(uint256 amountOut, address[] path, address to, uint256 deadline)",13352846
11708838,1611365387,0x7db49da4d5ca8511c86917be723ba28386dc8e44adb77b9a839b7ada0ee22995,131,0xde044b043b5012b674570bdc2d2f7462ba4c55681ee585b2eee221a50c618ba0,0x0d8a2d6c1dda5be4bd1c26c8cb9d081e799db61e,0xfb2092014888542b0fd52d6e88928fb780491d30,0x010496d8f3269ee9b05060bdf40c2d66e83e61dd,161890621316884174,Digg,DIGG,18,4,156602,87000000000,128932,331964,deprecated,0x7ff36ab5,"swapExactETHForTokens(uint256 amountOutMin, address[] path, address to, uint256 deadline)",13352844
11708840,1611365392,0x0d44ef3cb2d80bef4a55cbe9907a0080beaa7df71871dfcab7009bcd182f1464,133,0x3237f788f8ade82769682d413903578099e752492606af07e554156794ea7154,0x0d8a2d6c1dda5be4bd1c26c8cb9d081e799db61e,0xc546e5c769503fbab1326d9bb94ba200fe2d835f,0x010496d8f3269ee9b05060bdf40c2d66e83e61dd,130000000000000000,Digg,DIGG,18,88,178401,87000000000,136899,3744455,deprecated,0xfb3bdb41,"swapETHForExactTokens(uint256 amountOut, address[] path, address to, uint256 deadline)",13352842
11708841,1611365414,0x5dedfc8aa7f93f51d5a077af95f6cbc1db27845708add5b1785be28a9d160873,135,0x663880e55ac5765badd551d14594ea02782c0dd658740f3201cfc9e561095e1b,0x0d8a2d6c1dda5be4bd1c26c8cb9d081e799db61e,0x79dbd1baf124edd4205b2aba56c29bf3914c8ed0,0x010496d8f3269ee9b05060bdf40c2d66e83e61dd,199194213485032687,Digg,DIGG,18,233,156602,87000000000,128932,11566288,deprecated,0x7ff36ab5,"swapExactETHForTokens(uint256 amountOutMin, address[] path, address to, uint256 deadline)",13352841
11708842,1611365462,0xea6cb32d05a588f3c044e6735bf38f38d0a789d275f6c439919006be35f41896,136,0xdb707cd419712f978bd592627cdbac324778afeb8c73ed0e85453c9d53ca235c,0x0d8a2d6c1dda5be4bd1c26c8cb9d081e799db61e,0x675938d86a6a4651b6dbba7529117fb0b557ccf2,0x010496d8f3269ee9b05060bdf40c2d66e83e61dd,150000000000000000,Digg,DIGG,18,11,165196,92000000000,136911,793787,deprecated,0xfb3bdb41,"swapETHForExactTokens(uint256 amountOut, address[] path, address to, uint256 deadline)",13352840
11708846,1611365504,0x1b07c83ffa76e7d0755975b521c7ab93241d3e22f99051239a5b9092057778a0,137,0x4193317cba77105e1bae6741851e1b7abb730b8f0d25c7b3c5f5b6e9450e03de,0x0d8a2d6c1dda5be4bd1c26c8cb9d081e799db61e,0x5c7c6d069ba232718f37c27a9549b547c359e31c,0x010496d8f3269ee9b05060bdf40c2d66e83e61dd,123435620000000000,Digg,DIGG,18,45,178427,92000000000,136923,3706458,deprecated,0xfb3bdb41,"swapETHForExactTokens(uint256 amountOut, address[] path, address to, uint256 deadline)",13352836
11708853,1611365567,0xc72f68b8c0fe8e0f8803214bf4c83697ae223699bd050498745764b826ded2fd,139,0xfaccf5c2455ee6181eaee6d808c2552a3e626d2e01442967fc5c682a354a9238,0x0d8a2d6c1dda5be4bd1c26c8cb9d081e799db61e,0x27cc4d6bc95b55a3a981bf1f1c7261cda7bb0931,0x010496d8f3269ee9b05060bdf40c2d66e83e61dd,157495656421338570,Digg,DIGG,18,15,170030,103000000000,128932,1242943,deprecated,0x7ff36ab5,"swapExactETHForTokens(uint256 amountOutMin, address[] path, address to, uint256 deadline)",13352829
11708857,1611365595,0x4847aaf2dd8fb5567768f68558c5819b127af4349245882c176cab516d744184,141,0x4d6426af6f46e737863aa530716f46e89a2f38f549cca58c81834e7d7ca2eb54,0x0d8a2d6c1dda5be4bd1c26c8cb9d081e799db61e,0x21c30d17d9e61ce139dfd2a3d167c5752246b938,0x010496d8f3269ee9b05060bdf40c2d66e83e61dd,200000000000000000,Digg,DIGG,18,23,178414,103000000000,136911,1982095,deprecated,0xfb3bdb41,"swapETHForExactTokens(uint256 amountOut, address[] path, address to, uint256 deadline)",13352825
11708858,1611365618,0xea5e3e20fc4e9772469760222670c8910ef5da9c8dbc8ed186c9d34ae3fe1eb8,143,0x7c3acdb5794dfdcc2cb07431f0ae171fb6f055e17994d3a4d00a8ef5165d7b31,0x0d8a2d6c1dda5be4bd1c26c8cb9d081e799db61e,0xd6216fc19db775df9774a6e33526131da7d19a2c,0x010496d8f3269ee9b05060bdf40c2d66e83e61dd,222074667264315345,Digg,DIGG,18,34,156602,105000000000,128932,2115110,deprecated,0x7ff36ab5,"swapExactETHForTokens(uint256 amountOutMin, address[] path, address to, uint256 deadline)",13352824
11708878,1611365881,0xc473d9e553d526aabdcf2cb9daec703c3cfd0c202ab9eb34db9ea9594341eb63,36,0x0ea3079edf592f2b5a42f6a774895db46d0c4407bfb5cf404e6868efa3fe9e3a,0x0d8a2d6c1dda5be4bd1c26c8cb9d081e799db61e,0x8f746ce8dc29d765447604f59729224d0098e80b,0x010496d8f3269ee9b05060bdf40c2d66e83e61dd,7149583319757379866,Digg,DIGG,18,36,170017,55000000000,128920,6743951,deprecated,0x7ff36ab5,"swapExactETHForTokens(uint256 amountOutMin, address[] path, address to, uint256 deadline)",13352804
11708930,1611366612,0x5872e9fa39f3e5a1f53825269eca1601b6efd9a150893ab1cf2ddaf25be40357,145,0x5e574022e2d8af48d28ea926c7ddb5630d0a6145a66df8a0164eaad3a66487c9,0x0d8a2d6c1dda5be4bd1c26c8cb9d081e799db61e,0xd6216fc19db775df9774a6e33526131da7d19a2c,0x010496d8f3269ee9b05060bdf40c2d66e83e61dd,196700000000000000,Digg,DIGG,18,30,161927,86000000000,121923,1475663,deprecated,0xfb3bdb41,"swapETHForExactTokens(uint256 amountOut, address[] path, address to, uint256 deadline)",13352752
11708938,1611366720,0xa88687ef6e52ea2450cb6a6572de758fac030406bbc4ae8830c310474fff54ed,147,0xc7b5671ac1636673d2df963cf64b423b3b6a66fbadec5367836a9ade31b0abb2,0x0d8a2d6c1dda5be4bd1c26c8cb9d081e799db61e,0x034a5f8678455ea078021e7a5b34ab7ef210674e,0x010496d8f3269ee9b05060bdf40c2d66e83e61dd,117211944063558619,Digg,DIGG,18,17,170030,86000000000,128932,1736853,deprecated,0x7ff36ab5,"swapExactETHForTokens(uint256 amountOutMin, address[] path, address to, uint256 deadline)",13352744
11708947,1611366769,0x0243ce8208236728c5272563b83ce9c087df570adfdd1404bc3e4f5e1082aca7,149,0xf8386980dd21adeedbf3275becdb25b2657cc18d9de8a79d2a1f7d6707407b3f,0x0d8a2d6c1dda5be4bd1c26c8cb9d081e799db61e,0x47ac0fb4f2d84898e4d9e7b4dab3c24507a6d503,0x010496d8f3269ee9b05060bdf40c2d66e83e61dd,154930431738682220,Digg,DIGG,18,44,170030,86000000000,128932,2441771,deprecated,0x7ff36ab5,"swapExactETHForTokens(uint256 amountOutMin, address[] path, address to, uint256 deadline)",13352735
11708952,1611366827,0x8e4877ac3146dd2b4a59a74c22d55742714eccb26c90df74b7f3bf0a6d4cf321,151,0xdbe6c34b5d211a88185be57f2919282bc449ee696753f534196394de81d3e1bf,0x0d8a2d6c1dda5be4bd1c26c8cb9d081e799db61e,0x6061a574230d149ddfaf7e7527a7d4b6e03d6f8e,0x010496d8f3269ee9b05060bdf40c2d66e83e61dd,130000000000000000,Digg,DIGG,18,107,178414,86000000000,136911,6183238,deprecated,0xfb3bdb41,"swapETHForExactTokens(uint256 amountOut, address[] path, address to, uint256 deadline)",13352730
11708956,1611366899,0x09d6417f5e3f13d0daf10d5bf38d1753f7ae5a59f085c6b993f8aa23febc6957,153,0x7c5486694cfc40d29243c9d2e038990f82e84b68655874d9de7d1efb0ffce709,0x0d8a2d6c1dda5be4bd1c26c8cb9d081e799db61e,0x6fdabcd4c1b926310f5a8c4c00efefba3c8dbef4,0x010496d8f3269ee9b05060bdf40c2d66e83e61dd,200000000000000000,Digg,DIGG,18,25,178401,86000000000,136899,2737027,deprecated,0xfb3bdb41,"swapETHForExactTokens(uint256 amountOut, address[] path, address to, uint256 deadline)",13352726
11708959,1611366929,0x221249f7b51ea02a019efe96d9dd9d8cfb935df5beec9229ee8ce794f7db6ace,155,0xdf681ee48f5d6520b8afc40e153790a56647410a9787b623af972ebf78ec4141,0x0d8a2d6c1dda5be4bd1c26c8cb9d081e799db61e,0x3205389af4ffccaf3eb713db63adcfbedc68fcfa,0x010496d8f3269ee9b05060bdf40c2d66e83e61dd,102831058409800329,Digg,DIGG,18,62,156602,87000000000,128932,2911307,deprecated,0x7ff36ab5,"swapExactETHForTokens(uint256 amountOutMin, address[] path, address to, uint256 deadline)",13352723
11708961,1611366996,0x36e66bf0409c6d2429f7d49eaa3de72a5a69b21fca8336423c5cec25027e0115,157,0xd3a2a50ba2d970d40cd7ce59ec5f2115895555f1936cb300c8638877b31e8f76,0x0d8a2d6c1dda5be4bd1c26c8cb9d081e799db61e,0x50a9be97ea8cfb0f5a92312b4b966a469bc2ab7b,0x010496d8f3269ee9b05060bdf40c2d66e83e61dd,80976255314890595,Digg,DIGG,18,72,170017,87000000000,128920,4493435,deprecated,0x7ff36ab5,"swapExactETHForTokens(uint256 amountOutMin, address[] path, address to, uint256 deadline)",13352721
11708963,1611367039,0xdee2021ba1cf62e6b35bd96d095458452b4e275133420049b995d8be3de346b3,159,0xfb3709d144fce18c71d845f89538d7d827960fd4a3c559e282e274279b24b0c8,0x0d8a2d6c1dda5be4bd1c26c8cb9d081e799db61e,0xdd709cae362972cb3b92dcead77127f7b8d58202,0x010496d8f3269ee9b05060bdf40c2d66e83e61dd,132720000000000000,Digg,DIGG,18,17,178414,87000000000,136911,1007123,deprecated,0xfb3bdb41,"swapETHForExactTokens(uint256 amountOut, address[] path, address to, uint256 deadline)",13352719
11708971,1611367145,0xaeb62c84ed4e1fb4f610e3e79db7881f152d10590cd6854c2d28702963a17eac,161,0xa33b40a8ebdacbf32c29508582d94c62bf97fca9d168ec5ce9fb151e74a47139,0x0d8a2d6c1dda5be4bd1c26c8cb9d081e799db61e,0x4d1d758f0966c6e6de873958e62788300c13f60e,0x010496d8f3269ee9b05060bdf40c2d66e83e61dd,136667277242628202,Digg,DIGG,18,19,170030,86000000000,128932,1277204,deprecated,0x7ff36ab5,"swapExactETHForTokens(uint256 amountOutMin, address[] path, address to, uint256 deadline)",13352711
11708989,1611367348,0xdb2a4ea45c847e2313c3adc4ed6b25ff1346fc8b74243aea47476f9dab56334b,163,0x42abd17c2336767ec6b263540358071ae48e88f7468c29f873f5ae69cb4df9b6,0x0d8a2d6c1dda5be4bd1c26c8cb9d081e799db61e,0x14ce500a86f1e3ace039571e657783e069643617,0x010496d8f3269ee9b05060bdf40c2d66e83e61dd,216357458035538353,Digg,DIGG,18,11,170030,86000000000,128932,679643,deprecated,0x7ff36ab5,"swapExactETHForTokens(uint256 amountOutMin, address[] path, address to, uint256 deadline)",13352693
11708991,1611367369,0x50f938bd26389cb1c918b54217429fb9e3166eec1396698c73a31e366cecc54e,165,0x6d27105674a502aa8afda54cc8e30bf062c9f8bc845094b00512e16c6e17022f,0x0d8a2d6c1dda5be4bd1c26c8cb9d081e799db61e,0x85c447d3fc7d42b1167c7fa6ee50fdd961512b4e,0x010496d8f3269ee9b05060bdf40c2d66e83e61dd,134000000000000000,Digg,DIGG,18,82,178414,86000000000,136911,4478857,deprecated,0xfb3bdb41,"swapETHForExactTokens(uint256 amountOut, address[] path, address to, uint256 deadline)",13352691
11708992,1611367393,0xdbe2b057ed33399ba62a112f6bf85bc925eff9e5f4348473351cc2deecc8c36e,167,0xf2d896d52a9e8380772c3cd5de5906efbb29a715c448926f11833605f0fb7abc,0x0d8a2d6c1dda5be4bd1c26c8cb9d081e799db61e,0x72e5263ff33d2494692d7f94a758aa9f82062f73,0x010496d8f3269ee9b05060bdf40c2d66e83e61dd,170003435910994623,Digg,DIGG,18,67,156602,86000000000,128932,4114970,deprecated,0x7ff36ab5,"swapExactETHForTokens(uint256 amountOutMin, address[] path, address to, uint256 deadline)",13352690
11708995,1611367422,0x7559d31daf425b8413b8d820126cd38b7d07f27c5571e5c8d52a6f4ee61f7446,169,0xa9b32662218a7b9c4d129b6e2849d81a1cf7866ecbe0af3820858f8d14481814,0x0d8a2d6c1dda5be4bd1c26c8cb9d081e799db61e,0xa27baf79857f0d3b56ee8db670b2229e900b428b,0x010496d8f3269ee9b05060bdf40c2d66e83e61dd,146815563795068426,Digg,DIGG,18,140,170030,83000000000,128932,6210744,deprecated,0x7ff36ab5,"swapExactETHForTokens(uint256 amountOutMin, address[] path, address to, uint256 deadline)",13352687
11708996,1611367447,0x04b033fbb1bbec561d9d364619dc49c106c41513e32906559055f7b0278996e3,171,0x2439ce5085c790e674390f1a9aefccb59195b05237b9e20e5c39f9e96309b522,0x0d8a2d6c1dda5be4bd1c26c8cb9d081e799db61e,0x7a39608107dc014d4bbd7a5f01d3fba5dff6d042,0x010496d8f3269ee9b05060bdf40c2d66e83e61dd,109941955673908145,Digg,DIGG,18,95,156602,83000000000,128932,5770839,deprecated,0x7ff36ab5,"swapExactETHForTokens(uint256 amountOutMin, address[] path, address to, uint256 deadline)",13352686
11709001,1611367489,0x3fbc8b94d8dc248a09c1d37c9e72489204c0ddf89c252a7e661fd696fc337dca,173,0x0b5e0a6abce61235d708680d49cf37368ae298edbbbafa55f1a2f7c6c9cdf05a,0x0d8a2d6c1dda5be4bd1c26c8cb9d081e799db61e,0x9ed629bc305c5731d43de27cbbe8f77976893c2b,0x010496d8f3269ee9b05060bdf40c2d66e83e61dd,140000000000000000,Digg,DIGG,18,102,178414,83000000000,136911,5634441,deprecated,0xfb3bdb41,"swapETHForExactTokens(uint256 amountOut, address[] path, address to, uint256 deadline)",13352681
11709002,1611367513,0xf6a8aeced665ba08b9a9871c2cd22faa59699722aebd99bd901540284421d471,175,0x722441134fbd8d5ed540dba42be1f95b5a7fd63025d64688511d05036a9e1d41,0x0d8a2d6c1dda5be4bd1c26c8cb9d081e799db61e,0x321d184b32c6b85b8d664e19d606bf5da7182328,0x010496d8f3269ee9b05060bdf40c2d66e83e61dd,169071920420882943,Digg,DIGG,18,24,153267,82000000000,113932,1359890,deprecated,0x7ff36ab5,"swapExactETHForTokens(uint256 amountOutMin, address[] path, address to, uint256 deadline)",13352680
11709007,1611367559,0x80cc2a8da282c364eff78fd6ad51434257dbb456b935e702600f08f30f98ac67,177,0x2c959d21ebbd3554a601cf13a58a090cf49da9f0a1bf91280f7d941f3134232c,0x0d8a2d6c1dda5be4bd1c26c8cb9d081e799db61e,0xd9b012a168fb6c1b71c24db8cee1a256b3caa2a2,0x010496d8f3269ee9b05060bdf40c2d66e83e61dd,112321529630897152,Digg,DIGG,18,118,170017,82000000000,128920,5094359,deprecated,0x7ff36ab5,"swapExactETHForTokens(uint256 amountOutMin, address[] path, address to, uint256 deadline)",13352675
11709010,1611367595,0x04e1499332426a2914ea4ea5d47382d1017d41d8703e30e027a7e25e3514da35,179,0x25463806bbc2b0863136cff561134b7ba2b7efd7ed96f303c9c7ce52ba2788a9,0x0d8a2d6c1dda5be4bd1c26c8cb9d081e799db61e,0xb1b711ce721e4c05c6b87d531b9336b98bbb869e,0x010496d8f3269ee9b05060bdf40c2d66e83e61dd,180065861840832552,Digg,DIGG,18,57,170030,85000000000,128932,1777248,deprecated,0x7ff36ab5,"swapExactETHForTokens(uint256 amountOutMin, address[] path, address to, uint256 deadline)",13352672
11709012,1611367612,0xdfa0525f716cb47012863a50b5538d33face46a41d364887b37bf813c6e1acaa,181,0xdfd4c308e89be90f6d6081d870078d3be4237ba4dbffa5a0be3376469bbd0e1b,0x0d8a2d6c1dda5be4bd1c26c8cb9d081e799db61e,0x25599dcbd434af9a17d52444f71c92987fa97cfc,0x010496d8f3269ee9b05060bdf40c2d66e83e61dd,123400000000000000,Digg,DIGG,18,36,165210,85000000000,136923,2480194,deprecated,0xfb3bdb41,"swapETHForExactTokens(uint256 amountOut, address[] path, address to, uint256 deadline)",13352670
11709014,1611367639,0xbe615abc6177843070f6f04fab7f7b8f12e85525b12a6d4b02f936194a616cdf,183,0xe1717499e02ea13351d67fdab9f65e53cfcc5dfd983f4000f9e3c71c9617b341,0x0d8a2d6c1dda5be4bd1c26c8cb9d081e799db61e,0x36d16b34d383e7980a77ed91f1d2c7070d3bdaab,0x010496d8f3269ee9b05060bdf40c2d66e83e61dd,200000000000000000,Digg,DIGG,18,111,165196,85000000000,136911,4498261,deprecated,0xfb3bdb41,"swapETHForExactTokens(uint256 amountOut, address[] path, address to, uint256 deadline)",13352668
11709017,1611367677,0xcc495e12d036db5bcb282a5c20ebdc302cab21c6bae845e36e9e3c3d02d10c58,185,0x3c1d9ab2f7d4fe5cc72882abd3db224d85661b60e987e42355740bc687fb7fd5,0x0d8a2d6c1dda5be4bd1c26c8cb9d081e799db61e,0x57757e3d981446d585af0d9ae4d7df6d64647806,0x010496d8f3269ee9b05060bdf40c2d66e83e61dd,240000000000000000,Digg,DIGG,18,78,178414,85000000000,136911,3273365,deprecated,0xfb3bdb41,"swapETHForExactTokens(uint256 amountOut, address[] path, address to, uint256 deadline)",13352665
11709020,1611367702,0x2fa10cbb86b0712c918d8baece152134de27450952b8526f35c63f629ba724b9,187,0xd3a0ffa4f5675ee1f15c0786fc318eacbf32dc876c2388c5ef30d313c02b1288,0x0d8a2d6c1dda5be4bd1c26c8cb9d081e799db61e,0xbcd5000f5c522856e710c5d274bb672b2f2eefbf,0x010496d8f3269ee9b05060bdf40c2d66e83e61dd,236000000000000000,Digg,DIGG,18,21,178401,80000000000,136899,2219999,deprecated,0xfb3bdb41,"swapETHForExactTokens(uint256 amountOut, address[] path, address to, uint256 deadline)",13352662
11709022,1611367728,0x47eecd68e1c83b474d80d33789408154275cb33a0133c38fce7f2930847d4dca,189,0x92dac86f42cb8fcd3eed3cf15fcec5cd0f27d89d2c7218bb85ee49a3dc44a5d5,0x0d8a2d6c1dda5be4bd1c26c8cb9d081e799db61e,0xe3786bf25e15013fdda09dbe881529d44b9ca239,0x010496d8f3269ee9b05060bdf40c2d66e83e61dd,150000000000000000,Digg,DIGG,18,74,165196,80000000000,136911,2299946,deprecated,0xfb3bdb41,"swapETHForExactTokens(uint256 amountOut, address[] path, address to, uint256 deadline)",13352660
11709024,1611367758,0x694e79f850155309dc971d546fce73a0fb654a633255905aa095789d4cc6ef27,191,0x8f8a19345a17ec7b5e0a6870ac187329b7345070252c7700134b81c487385872,0x0d8a2d6c1dda5be4bd1c26c8cb9d081e799db61e,0x9b5ea8c719e29a5bd0959faf79c9e5c8206d0499,0x010496d8f3269ee9b05060bdf40c2d66e83e61dd,333257053314960240,Digg,DIGG,18,17,170030,85000000000,128932,1346444,deprecated,0x7ff36ab5,"swapExactETHForTokens(uint256 amountOutMin, address[] path, address to, uint256 deadline)",13352658
11709025,1611367771,0xd663fea9754197c8fb5ef923dc78afffe8e2ac7468d4ed4195434370b8409284,193,0xa4e1dddd7625a3be20399533c0de885a451a2b49d377b0cda600be2c8daec7ca,0x0d8a2d6c1dda5be4bd1c26c8cb9d081e799db61e,0x29b1a45b122bec76c18ca8f139d25dd797e8ac22,0x010496d8f3269ee9b05060bdf40c2d66e83e61dd,120848840089895117,Digg,DIGG,18,62,156602,85000000000,128932,4791796,deprecated,0x7ff36ab5,"swapExactETHForTokens(uint256 amountOutMin, address[] path, address to, uint256 deadline)",13352657
11709026,1611367802,0x4eafdcb66ccbee6e1c8f24b654d1486f4797cba19f463e2d35c06144a73e909f,195,0xfa595bbea8dc4971b01dbbfc29b6972a5686982e98afb61f362771e4f6d5a4e6,0x0d8a2d6c1dda5be4bd1c26c8cb9d081e799db61e,0x4ec7cdf61405758f5ced5e454c0b4b0f4f043df0,0x010496d8f3269ee9b05060bdf40c2d66e83e61dd,135000000000000000,Digg,DIGG,18,46,165210,85000000000,136923,2828974,deprecated,0xfb3bdb41,"swapETHForExactTokens(uint256 amountOut, address[] path, address to, uint256 deadline)",13352656
11709030,1611367854,0x60d4f3b4ec72022c6e6bbe990668ccc26bfa1a9c3a71e1b60d1ade95ece441a4,197,0xcc8e3533cbe9a9d2445833f64459dba8a5866d703ec6ec9820cafdaa2bdfa287,0x0d8a2d6c1dda5be4bd1c26c8cb9d081e799db61e,0x0548f59fee79f8832c299e01dca5c76f034f558e,0x010496d8f3269ee9b05060bdf40c2d66e83e61dd,211520152207230625,Digg,DIGG,18,34,170030,83000000000,128932,3785554,deprecated,0x7ff36ab5,"swapExactETHForTokens(uint256 amountOutMin, address[] path, address to, uint256 deadline)",13352652
11709032,1611367878,0xb19dfe42961002654440af993cab61a8db741b9b341adb4d64a17af8308d3af5,199,0x44ebde252c92d4252f474dff9a9a3d8085408cbf900254e42fc0923d32cbc468,0x0d8a2d6c1dda5be4bd1c26c8cb9d081e799db61e,0x85257f61bcf59f7498007d8e08d6efb7ac1eef4c,0x010496d8f3269ee9b05060bdf40c2d66e83e61dd,165461664740475580,Digg,DIGG,18,124,170017,83000000000,128920,7719353,deprecated,0x7ff36ab5,"swapExactETHForTokens(uint256 amountOutMin, address[] path, address to, uint256 deadline)",13352650
11709032,1611367878,0x0a5400a08408212095cc439e01c7c01bf4f603a4319a584b9096b4e2c550590c,201,0x44ebde252c92d4252f474dff9a9a3d8085408cbf900254e42fc0923d32cbc468,0x0d8a2d6c1dda5be4bd1c26c8cb9d081e799db61e,0x38857ed3a8fc5951289e58e20fb56a00e88f0bbd,0x010496d8f3269ee9b05060bdf40c2d66e83e61dd,149879417045557955,Digg,DIGG,18,133,170017,83000000000,116904,8477624,deprecated,0x7ff36ab5,"swapExactETHForTokens(uint256 amountOutMin, address[] path, address to, uint256 deadline)",13352650
11709032,1611367878,0xa670533fa4e09e924fb19b4c2e44306008f04fa03d478787557ea92635188313,203,0x44ebde252c92d4252f474dff9a9a3d8085408cbf900254e42fc0923d32cbc468,0x0d8a2d6c1dda5be4bd1c26c8cb9d081e799db61e,0xbd9f549645e4d8eae78f94c3a1f3a03f5bc46bd4,0x010496d8f3269ee9b05060bdf40c2d66e83e61dd,86467149775349954,Digg,DIGG,18,146,170017,83000000000,116904,9665352,deprecated,0x7ff36ab5,"swapExactETHForTokens(uint256 amountOutMin, address[] path, address to, uint256 deadline)",13352650
11709035,1611367950,0x9a64cdf1f14d0d506b5fe3e9833babf354591d9d07a54c9d065e40c086f09e22,205,0x922d822f87aa3fe1712c063558ae96d215aaeca1a58ab2c76d353b4425e82724,0x0d8a2d6c1dda5be4bd1c26c8cb9d081e799db61e,0xbcfd5dbec5f49230210e0be85cee183097e840aa,0x010496d8f3269ee9b05060bdf40c2d66e83e61dd,131869263501592413,Digg,DIGG,18,80,153267,83000000000,113932,5721831,deprecated,0x7ff36ab5,"swapExactETHForTokens(uint256 amountOutMin, address[] path, address to, uint256 deadline)",13352647
11709040,1611368016,0x54d651062224a509910f14216b18301ee58f8a9e4bd8794fe9547ca7ead8744a,208,0xf0c0043415735dce0d71875c8e43c3152f8741848bcd20c15771bbffc7c4938a,0x0d8a2d6c1dda5be4bd1c26c8cb9d081e799db61e,0xe3017d50df837058991010361a714ff95f2ae9a0,0x010496d8f3269ee9b05060bdf40c2d66e83e61dd,147936766591185422,Digg,DIGG,18,49,170030,85000000000,128932,3174894,deprecated,0x7ff36ab5,"swapExactETHForTokens(uint256 amountOutMin, address[] path, address to, uint256 deadline)",13352642
11709041,1611368050,0x0948a3604335153053aa2d9b1b8befba6f853bc4f9d2cd697104eea8a7523b9f,210,0x639f4c8acdb6f8b5732e54e707e8a07b62c8437e83cfc193091c9b7583e3dde0,0x0d8a2d6c1dda5be4bd1c26c8cb9d081e799db61e,0x2af17a3fc90de53481d8df0c4f652f240ba0af03,0x010496d8f3269ee9b05060bdf40c2d66e83e61dd,170000000000000000,Digg,DIGG,18,107,165183,85000000000,136899,4432926,deprecated,0xfb3bdb41,"swapETHForExactTokens(uint256 amountOut, address[] path, address to, uint256 deadline)",13352641
11709042,1611368102,0x327ec57d2c78cad7fdad533e87ae7fa84a45fe75dc5ea92c7e4a43a67f99c146,212,0xec2b85548da87a04025fe34e9fec1a9efc04388436b7780ba433170c3028ce16,0x0d8a2d6c1dda5be4bd1c26c8cb9d081e799db61e,0x22fa8cc33a42320385cbd3690ed60a021891cb32,0x010496d8f3269ee9b05060bdf40c2d66e83e61dd,163956730000000000,Digg,DIGG,18,38,165196,84000000000,136911,2430941,deprecated,0xfb3bdb41,"swapETHForExactTokens(uint256 amountOut, address[] path, address to, uint256 deadline)",13352640
11709046,1611368145,0x6e911f5072775c01857ac86483324fcc2faf32c3fe8c9f42338bbcab3a433aaa,214,0xb12bc0c43cb8412a0fb128956a81f4a050c7b6b6cb00ed9abc22cc54d4386ac1,0x0d8a2d6c1dda5be4bd1c26c8cb9d081e799db61e,0xa25a9b7c73158b3b34215925796ce6aa8100c13a,0x010496d8f3269ee9b05060bdf40c2d66e83e61dd,120000000000000000,Digg,DIGG,18,135,178401,84000000000,136899,3152986,deprecated,0xfb3bdb41,"swapETHForExactTokens(uint256 amountOut, address[] path, address to, uint256 deadline)",13352636
11709050,1611368168,0xf0e98a2078d0b33080dbf325d7604947b79d1e16ece6494b776ef5b39cf6d035,216,0x6e328dc437c28df130ca40b043359bc068f95f2d4d6014a91431aeb93e10bc3f,0x0d8a2d6c1dda5be4bd1c26c8cb9d081e799db61e,0x74a86e072456db65cbfe4951a60d4ce607bb06f6,0x010496d8f3269ee9b05060bdf40c2d66e83e61dd,140000000000000000,Digg,DIGG,18,93,178414,84000000000,136911,3800419,deprecated,0xfb3bdb41,"swapETHForExactTokens(uint256 amountOut, address[] path, address to, uint256 deadline)",13352632
11709051,1611368179,0x6153828a51095839b9b96ce40334b7e083cb2ef07164b1431393740f0fb8029a,218,0x0429c7a3b8d8227a16c55685cbc139ecfe97ec613688b42ad81908e6a630b269,0x0d8a2d6c1dda5be4bd1c26c8cb9d081e799db61e,0xf99d187a98a4ed59680ed7d439527cb755e32778,0x010496d8f3269ee9b05060bdf40c2d66e83e61dd,122223000000000000,Digg,DIGG,18,50,165210,92000000000,136923,2620188,deprecated,0xfb3bdb41,"swapETHForExactTokens(uint256 amountOut, address[] path, address to, uint256 deadline)",13352631
11709053,1611368205,0xf11ceb371b2b11ced263ff34ae4359e6fc5435299362539b11cf179ba7298106,220,0xdbb7f6671bd2af53b367e6883d8466eb73654252a5d10a38317cbfe1929dd3cf,0x0d8a2d6c1dda5be4bd1c26c8cb9d081e799db61e,0x1b1d046a1001fd6fd4d11f204c7464989d621d92,0x010496d8f3269ee9b05060bdf40c2d66e83e61dd,200000000000000000,Digg,DIGG,18,38,178414,92000000000,136911,1931402,deprecated,0xfb3bdb41,"swapETHForExactTokens(uint256 amountOut, address[] path, address to, uint256 deadline)",13352629
11709056,1611368246,0xb42006364645f13c5af719f918e6b60bce6226ee08a7d86b631ce1d0d405e576,222,0x4381cbc72ede2d2a2e7399a7cebad72113c1a43954b4de82357f550c10d43022,0x0d8a2d6c1dda5be4bd1c26c8cb9d081e799db61e,0x600b8a34ec1cfd8b8af78cfc49708419a16ea2e8,0x010496d8f3269ee9b05060bdf40c2d66e83e61dd,130322989255636158,Digg,DIGG,18,10,170030,92000000000,128932,610758,deprecated,0x7ff36ab5,"swapExactETHForTokens(uint256 amountOutMin, address[] path, address to, uint256 deadline)",13352626
11709060,1611368283,0x8d0d79f6b515b5a9fe9a03e449dcf1576b075dccdfd980e732cc84004c356901,224,0x7593a5cd3fe70656736885fbba43489a33a6547ac7a91e568a43c0e03753c243,0x0d8a2d6c1dda5be4bd1c26c8cb9d081e799db61e,0x3a2839250072f936f1a1be79a367e18557fb4a2c,0x010496d8f3269ee9b05060bdf40c2d66e83e61dd,105706659860706633,Digg,DIGG,18,108,170017,79000000000,128920,6805666,deprecated,0x7ff36ab5,"swapExactETHForTokens(uint256 amountOutMin, address[] path, address to, uint256 deadline)",13352622
11709063,1611368316,0x6ca07514afc1a4435f8919a9b095b203393d785bd0894a91eb93136f9b0db96d,226,0xd0a6c47f5caf7ad24d285e410ec867492551b2293c0bf8fabea9ac7df62f0a68,0x0d8a2d6c1dda5be4bd1c26c8cb9d081e799db61e,0x711cd20bf6b436ced327a8c65a14491aa04c2ca1,0x010496d8f3269ee9b05060bdf40c2d66e83e61dd,188890000000000000,Digg,DIGG,18,29,178427,79000000000,136923,2178262,deprecated,0xfb3bdb41,"swapETHForExactTokens(uint256 amountOut, address[] path, address to, uint256 deadline)",13352619
11709068,1611368354,0x97497dd29ad4bd65937cd417f4a2c0b00da6d2875519b202a9a078ea3b4df168,229,0x694f551ebf71349bdcce589be97f905db18d12f68f60b240c695392f4db029d1,0x0d8a2d6c1dda5be4bd1c26c8cb9d081e799db61e,0xa0019248a3e80225c9c552c5796ea890bbbd3ce0,0x010496d8f3269ee9b05060bdf40c2d66e83e61dd,86277324763918462,Digg,DIGG,18,64,170017,79000000000,128920,3485519,deprecated,0x7ff36ab5,"swapExactETHForTokens(uint256 amountOutMin, address[] path, address to, uint256 deadline)",13352614
11709068,1611368354,0x07faaf2f730397ab47a04af6057952765f77798ce2eadcdaf4d824aa781b3bc4,230,0x694f551ebf71349bdcce589be97f905db18d12f68f60b240c695392f4db029d1,0x0d8a2d6c1dda5be4bd1c26c8cb9d081e799db61e,0x4e60be84870fe6ae350b563a121042396abe1eaf,0x010496d8f3269ee9b05060bdf40c2d66e83e61dd,32431832888545249,Digg,DIGG,18,80,170017,78000000000,116904,4630241,deprecated,0x7ff36ab5,"swapExactETHForTokens(uint256 amountOutMin, address[] path, address to, uint256 deadline)",13352614
11709071,1611368406,0x3192cb0b7ca73eb167c5a7641bd7395d5288eb244641a402dc3ca2e599feb0bd,232,0xaecaea550b137b57bd0ab3566d8a90ab3c438a7a8b016afc87906fd69854d74d,0x0d8a2d6c1dda5be4bd1c26c8cb9d081e799db61e,0x82a8439ba037f88bc73c4ccf55292e158a67f125,0x010496d8f3269ee9b05060bdf40c2d66e83e61dd,141281076119303793,Digg,DIGG,18,12,156602,78000000000,128932,543294,deprecated,0x7ff36ab5,"swapExactETHForTokens(uint256 amountOutMin, address[] path, address to, uint256 deadline)",13352611
11709072,1611368408,0x668528b5eed39dd8a6224c94c9e9ed74a248801919c8206ab2de5ef4fe6eb80a,234,0x0c1308526b988eea0e0828acc3df086e20c4c8a94cf39ecfc2fe0bfe90a6d3e1,0x0d8a2d6c1dda5be4bd1c26c8cb9d081e799db61e,0xd628f7c481c7dd87f674870bec5d7a311fb1d9a2,0x010496d8f3269ee9b05060bdf40c2d66e83e61dd,161776036744655032,Digg,DIGG,18,280,156602,78000000000,128932,9026310,deprecated,0x7ff36ab5,"swapExactETHForTokens(uint256 amountOutMin, address[] path, address to, uint256 deadline)",13352610
11709081,1611368477,0x2f571e82e16a43a49eb9fba36ace935fe2a148e7ef106e4d946fc56bb59e8f34,236,0x4dce68f96b2b22c96beba24ed53da0458a8b0447e5cf343e1a00361ea112bd0d,0x0d8a2d6c1dda5be4bd1c26c8cb9d081e799db61e,0x635b230c3fdf6a466bb6dc3b9b51a8ceb0659b67,0x010496d8f3269ee9b05060bdf40c2d66e83e61dd,146491774717808823,Digg,DIGG,18,54,170030,79000000000,128932,3029266,deprecated,0x7ff36ab5,"swapExactETHForTokens(uint256 amountOutMin, address[] path, address to, uint256 deadline)",13352601
11709081,1611368477,0xd726af91b239294f184745f33d260e62f445c56f3d680cc44f6f688fbe6052ae,238,0x4dce68f96b2b22c96beba24ed53da0458a8b0447e5cf343e1a00361ea112bd0d,0x0d8a2d6c1dda5be4bd1c26c8cb9d081e799db61e,0x469deb39c6415d943b09cfca3a4f9494a84f9d61,0x010496d8f3269ee9b05060bdf40c2d66e83e61dd,96799897342572579,Digg,DIGG,18,57,170003,79000000000,116892,3192435,deprecated,0x7ff36ab5,"swapExactETHForTokens(uint256 amountOutMin, address[] path, address to, uint256 deadline)",13352601
11709081,1611368477,0x1cba956ccd6e6b631a0649b6b1e6882d9b2c67777718c8020ca920c42fdbadce,240,0x4dce68f96b2b22c96beba24ed53da0458a8b0447e5cf343e1a00361ea112bd0d,0x0d8a2d6c1dda5be4bd1c26c8cb9d081e799db61e,0x52f400e432e51c111af26b615121c9fd8e283e22,0x010496d8f3269ee9b05060bdf40c2d66e83e61dd,113653120425520836,Digg,DIGG,18,62,170017,79000000000,116904,3546729,deprecated,0x7ff36ab5,"swapExactETHForTokens(uint256 amountOutMin, address[] path, address to, uint256 deadline)",13352601
11709083,1611368516,0x0412097a04772e17b2be27d0540f908b005909e0211e84254860210c1cb1bb12,242,0xe37b131377912631d8acae37f78de0f47e223d32834b015340f23a4acbd8fd55,0x0d8a2d6c1dda5be4bd1c26c8cb9d081e799db61e,0x145b8d0fe270b7bc4c362ecfa12e5f97e6788c48,0x010496d8f3269ee9b05060bdf40c2d66e83e61dd,150201253189521628,Digg,DIGG,18,100,170030,76000000000,128932,4210325,deprecated,0x7ff36ab5,"swapExactETHForTokens(uint256 amountOutMin, address[] path, address to, uint256 deadline)",13352599
11709085,1611368544,0x4eea3f1cf41e5e2c68de47e9d2f79f7c2ab6c2e8cc03472b135f7cd5cbbb6d60,244,0x7942048458c37648772c10be2ce691876d9c6221f78a37fa3edb762445f6673d,0x0d8a2d6c1dda5be4bd1c26c8cb9d081e799db61e,0x3505b95dbc8dbd895614f34ee8633ecbbaf35dc6,0x010496d8f3269ee9b05060bdf40c2d66e83e61dd,80384057729827583,Digg,DIGG,18,63,170017,76000000000,128920,2675257,deprecated,0x7ff36ab5,"swapExactETHForTokens(uint256 amountOutMin, address[] path, address to, uint256 deadline)",13352597
11709086,1611368556,0xecd5263dd345ed443fe7f93ffb6be2a3a54ed61152a973bb826e00cf0a3c9d44,246,0x7810825c25bdae7efa27d512cbbcb9c8fdaafb3b08c2e500e61df701bbc52fe3,0x0d8a2d6c1dda5be4bd1c26c8cb9d081e799db61e,0xee8ad6769fe89ecb8fee0d981ad709e08e6d1c06,0x010496d8f3269ee9b05060bdf40c2d66e83e61dd,211797421344254746,Digg,DIGG,18,74,156602,76000000000,128932,4553650,deprecated,0x7ff36ab5,"swapExactETHForTokens(uint256 amountOutMin, address[] path, address to, uint256 deadline)",13352596
11709088,1611368585,0x07e49be8c51167324e4ddfef414b3004830000b6774eafb4ae0ba9ba6bcda584,248,0x185532ad17b1c21fd10fcfab6475058c83733bf68161bc1e71a851622ec488ba,0x0d8a2d6c1dda5be4bd1c26c8cb9d081e799db61e,0xc429430245dfb39ef1b6c16d7e69ed242a99d352,0x010496d8f3269ee9b05060bdf40c2d66e83e61dd,96172705724235356,Digg,DIGG,18,122,170017,76000000000,128920,5534177,deprecated,0x7ff36ab5,"swapExactETHForTokens(uint256 amountOutMin, address[] path, address to, uint256 deadline)",13352594
11709094,1611368724,0x1cbaf1806803887691a0faaf2e57773ee28911c3e7fb756fccf8e44f44ff49e0,250,0x9764393fc557a5cbe109dc1e2cfd2c63c60bf3b00fe5298aa8512b3e07e94adc,0x0d8a2d6c1dda5be4bd1c26c8cb9d081e799db61e,0xfd72fac7d08f9912e5d02091417304d5a0072e2b,0x010496d8f3269ee9b05060bdf40c2d66e83e61dd,180953685882780924,Digg,DIGG,18,94,170030,75000000000,128932,8220206,deprecated,0x7ff36ab5,"swapExactETHForTokens(uint256 amountOutMin, address[] path, address to, uint256 deadline)",13352588
11709094,1611368724,0x3ec6515807c2238286c1661ccd7836db54f8e543bc6f4ff881127091c3dcb0fa,252,0x9764393fc557a5cbe109dc1e2cfd2c63c60bf3b00fe5298aa8512b3e07e94adc,0x0d8a2d6c1dda5be4bd1c26c8cb9d081e799db61e,0x399b282c17f8ed9f542c2376917947d6b79e2cc6,0x010496d8f3269ee9b05060bdf40c2d66e83e61dd,140000000000000000,Digg,DIGG,18,101,178414,82000000000,124895,8851076,deprecated,0xfb3bdb41,"swapETHForExactTokens(uint256 amountOut, address[] path, address to, uint256 deadline)",13352588
11709094,1611368724,0xb9406dd1c2f87a8c11ebe4fadc162b302672230ba66230114ee062d9fe252403,254,0x9764393fc557a5cbe109dc1e2cfd2c63c60bf3b00fe5298aa8512b3e07e94adc,0x0d8a2d6c1dda5be4bd1c26c8cb9d081e799db61e,0x67e8472cbfae3824f5e2e57fdcdcefd2409c6305,0x010496d8f3269ee9b05060bdf40c2d66e83e61dd,63858862959903101,Digg,DIGG,18,103,170017,82000000000,116904,8988980,deprecated,0x7ff36ab5,"swapExactETHForTokens(uint256 amountOutMin, address[] path, address to, uint256 deadline)",13352588
11709111,1611368912,0x06bc045e2dd677aaa600b2293e3c5cb7bb9110080205f198c6ceb533a06da355,256,0xa3c7302ceb2180aed53534fc9912f07409d948144f38a1c1eaebe15f122f823a,0x0d8a2d6c1dda5be4bd1c26c8cb9d081e799db61e,0xf0f17b61f2f66cfeea93f6ac7f3f229b31adc335,0x010496d8f3269ee9b05060bdf40c2d66e83e61dd,174049886176555232,Digg,DIGG,18,83,170030,81000000000,128932,4618406,deprecated,0x7ff36ab5,"swapExactETHForTokens(uint256 amountOutMin, address[] path, address to, uint256 deadline)",13352571
11709111,1611368912,0x6f8bed7f935dfd8e357c6e832725296baf3902384cb30689796ba6c9d22fe294,258,0xa3c7302ceb2180aed53534fc9912f07409d948144f38a1c1eaebe15f122f823a,0x0d8a2d6c1dda5be4bd1c26c8cb9d081e799db61e,0x24434ebf296c2f9cd59b14412aae5c4ca1d5aad2,0x010496d8f3269ee9b05060bdf40c2d66e83e61dd,140000000000000000,Digg,DIGG,18,95,178414,81000000000,124895,5513005,deprecated,0xfb3bdb41,"swapETHForExactTokens(uint256 amountOut, address[] path, address to, uint256 deadline)",13352571
11709117,1611369062,0x62e51df6ec46a3a958d673e708a2581d6f26595d738bdd240e2947c4b0010470,260,0x164a6fa87487bac89a5b2f5fa0ae7b00f6d1c2bae246235d518779becdb0daf8,0x0d8a2d6c1dda5be4bd1c26c8cb9d081e799db61e,0x5063e2474f6846d31480e1f4b7697ab98522d242,0x010496d8f3269ee9b05060bdf40c2d66e83e61dd,64212371143846756,Digg,DIGG,18,302,170017,83000000000,128920,10407854,deprecated,0x7ff36ab5,"swapExactETHForTokens(uint256 amountOutMin, address[] path, address to, uint256 deadline)",13352565
11709120,1611369139,0x469c90e27ae685241132e14473417365342862221846ae9432159c0e661ec0bb,262,0xc8fba87af1e71afe68b551a0816701534557d18539dc39ea0d28ed640358935a,0x0d8a2d6c1dda5be4bd1c26c8cb9d081e799db61e,0x7ee09c11d6dc9684d6d5a4c6d333e5b9e336bb6c,0x010496d8f3269ee9b05060bdf40c2d66e83e61dd,90000000000000000,Digg,DIGG,18,155,165196,83000000000,136911,6559309,deprecated,0xfb3bdb41,"swapETHForExactTokens(uint256 amountOut, address[] path, address to, uint256 deadline)",13352562
11709120,1611369139,0x21ccb290fc301fb2954a0fb31fe8ab23cdaf986bdc1f8b8299c56861f26fb456,264,0xc8fba87af1e71afe68b551a0816701534557d18539dc39ea0d28ed640358935a,0x0d8a2d6c1dda5be4bd1c26c8cb9d081e799db61e,0x448e871a9911ab6d67350c85747e8d50df2c5318,0x010496d8f3269ee9b05060bdf40c2d66e83e61dd,117479675775998728,Digg,DIGG,18,161,156602,83000000000,116916,7341146,deprecated,0x7ff36ab5,"swapExactETHForTokens(uint256 amountOutMin, address[] path, address to, uint256 deadline)",13352562
11709120,1611369139,0x0fc42ff4990202ba15bb111ec538779f43d3f30e38c733e56aaeda4dfa6e533e,266,0xc8fba87af1e71afe68b551a0816701534557d18539dc39ea0d28ed640358935a,0x0d8a2d6c1dda5be4bd1c26c8cb9d081e799db61e,0x6d5a76289a95425aa4aa9368967fc042c027fe35,0x010496d8f3269ee9b05060bdf40c2d66e83e61dd,171926026368694539,Digg,DIGG,18,164,170030,83000000000,116916,7530651,deprecated,0x7ff36ab5,"swapExactETHForTokens(uint256 amountOutMin, address[] path, address to, uint256 deadline)",13352562
11709178,1611369884,0x78f15e74834eb14e5c73445fd5cf49f97616cc447e40b09a29124dea7514023e,273,0x9126496d6419fd9f7124448e1a745bacc7c6163a94e1460cd71900ab72ca657c,0x0d8a2d6c1dda5be4bd1c26c8cb9d081e799db61e,0x55c536da641436e81d7e3f83d1b1346de20e7a71,0x010496d8f3269ee9b05060bdf40c2d66e83e61dd,105000000000000000,Digg,DIGG,18,61,178427,85000000000,136923,3600911,deprecated,0xfb3bdb41,"swapETHForExactTokens(uint256 amountOut, address[] path, address to, uint256 deadline)",13352504
11709182,1611369983,0x95cb70708804c21023b398684b5969ca2551b07b3339b1c8d5ddb4f54aeee687,275,0x279b6d86853c8a5ea8572d10fdf83cd22ce745e29c9ba0edc74154e40dd752ba,0x0d8a2d6c1dda5be4bd1c26c8cb9d081e799db61e,0x198ad6c547d20d70f2f656a4f48e6c7cfb7b4325,0x010496d8f3269ee9b05060bdf40c2d66e83e61dd,140000000000000000,Digg,DIGG,18,40,178414,84000000000,136911,3429804,deprecated,0xfb3bdb41,"swapETHForExactTokens(uint256 amountOut, address[] path, address to, uint256 deadline)",13352500
11709185,1611370041,0xe5af40dc992e47f48f7b3355db95c28880c51288c8baf79e02ba92693cb1458b,277,0x42f6bdf391e0b290d215c9b29903148593da38b7a162b98f722ff170d6b3d26b,0x0d8a2d6c1dda5be4bd1c26c8cb9d081e799db61e,0x7bf4092eb8e7517c144fd630f8ec46fb9f276919,0x010496d8f3269ee9b05060bdf40c2d66e83e61dd,180000000000000000,Digg,DIGG,18,3,178414,84000000000,136911,275514,deprecated,0xfb3bdb41,"swapETHForExactTokens(uint256 amountOut, address[] path, address to, uint256 deadline)",13352497
11709189,1611370061,0x4ab46e982b88b9a49759205c40a937c1269951a0a1b03e17deed8e6c13900201,279,0xcd3b200a73b7ac10fa882eab166eece1a630bd36ec39bd9c8468ff6f49710686,0x0d8a2d6c1dda5be4bd1c26c8cb9d081e799db61e,0xc7b9543c3cc05f74009ec07b9ca1361d64ccadf5,0x010496d8f3269ee9b05060bdf40c2d66e83e61dd,240000000000000000,Digg,DIGG,18,43,178401,84000000000,136899,3795579,deprecated,0xfb3bdb41,"swapETHForExactTokens(uint256 amountOut, address[] path, address to, uint256 deadline)",13352493
11709190,1611370082,0xb74d39d26e7c0032902d901fc62d88a182a67336933c718ef26cab06ad4f2b34,281,0xbe247ef0a97c398ea315db40bbbfd1c2e970ca1b68b90b4df07d2ec5afd197ca,0x0d8a2d6c1dda5be4bd1c26c8cb9d081e799db61e,0xcd5b1e9a0db0a31f7c46fe2e4a3d204e61f6dfc1,0x010496d8f3269ee9b05060bdf40c2d66e83e61dd,150000000000000000,Digg,DIGG,18,9,178414,85000000000,136911,586498,deprecated,0xfb3bdb41,"swapETHForExactTokens(uint256 amountOut, address[] path, address to, uint256 deadline)",13352492
11709196,1611370122,0x5bf45e1c1f1d66c33818cbf90d77129836c86ad723dd15b00a79bfa1a8892363,283,0x83b2e8e67c980bb7471924fc556722b76f633fd9135de12f786e28db837d76ed,0x0d8a2d6c1dda5be4bd1c26c8cb9d081e799db61e,0xd9518342a44e7dfdcd363f28f1ad19e568e2eb85,0x010496d8f3269ee9b05060bdf40c2d66e83e61dd,76120570256161135,Digg,DIGG,18,65,170017,85000000000,128920,3842350,deprecated,0x7ff36ab5,"swapExactETHForTokens(uint256 amountOutMin, address[] path, address to, uint256 deadline)",13352486
11709197,1611370152,0x6749c8442efde10f7707b395f04e0e9a14c3f3fc187ba5a8fa0ce5db246e11f3,285,0x66d7c2e5e7c55264c0ed127ab13bc205e9098bdbfbd557b15f5422ef403c249a,0x0d8a2d6c1dda5be4bd1c26c8cb9d081e799db61e,0x88de80e477639e9698b1489fc0d7f2f4806e801a,0x010496d8f3269ee9b05060bdf40c2d66e83e61dd,45000000000000000,Digg,DIGG,18,145,165196,85000000000,136911,10311193,deprecated,0xfb3bdb41,"swapETHForExactTokens(uint256 amountOut, address[] path, address to, uint256 deadline)",13352485
11709200,1611370234,0xa70c15c2fe050969cf4d113462d6c1d40bb7fad955887c6883bf98d413c17255,287,0xe51eda17c78a048467f07610ccbccc3172fd09567f2775b9cf1e20a2788cc9a5,0x0d8a2d6c1dda5be4bd1c26c8cb9d081e799db61e,0xa021ca2f5ec4dc539655718bca4fca5d0015163b,0x010496d8f3269ee9b05060bdf40c2d66e83e61dd,62824500000000000,Digg,DIGG,18,22,178401,85000000000,136899,3565792,deprecated,0xfb3bdb41,"swapETHForExactTokens(uint256 amountOut, address[] path, address to, uint256 deadline)",13352482
11709224,1611370565,0x105d23e64d3fe97d3563f4fe17f06c4dd8e066748458c760a14c065b199e611c,289,0x57fd2081d1fd409d1d3cfccec2c80bc442cf53e23c317ca0c5851781a625e686,0x0d8a2d6c1dda5be4bd1c26c8cb9d081e799db61e,0x558553d54183a8542f7832742e7b4ba9c33aa1e6,0x010496d8f3269ee9b05060bdf40c2d66e83e61dd,33425000000000000,Digg,DIGG,18,27,178414,86000000000,136911,2523895,deprecated,0xfb3bdb41,"swapETHForExactTokens(uint256 amountOut, address[] path, address to, uint256 deadline)",13352458
11709224,1611370565,0x2ba9509557ec99518230b4fe45bd3e4f9795049317a8e468cb66171ad6b71a6a,291,0x57fd2081d1fd409d1d3cfccec2c80bc442cf53e23c317ca0c5851781a625e686,0x0d8a2d6c1dda5be4bd1c26c8cb9d081e799db61e,0xe92d1a43df510f82c66382592a047d288f85226f,0x010496d8f3269ee9b05060bdf40c2d66e83e61dd,50000000000000000,Digg,DIGG,18,43,178401,86000000000,124883,3983080,deprecated,0xfb3bdb41,"swapETHForExactTokens(uint256 amountOut, address[] path, address to, uint256 deadline)",13352458
11709237,1611370696,0x158121267a5e0129cbb051a06e3a7115cca7e320a52ca44db9af4dc34fd590cb,293,0x1fe170c930bf47d9cf32bbcfed0c0cb5ffb437c637c2cb808a7f9a12cb65ed3c,0x0d8a2d6c1dda5be4bd1c26c8cb9d081e799db61e,0x2bdded18e2ca464355091266b7616956944ee7ee,0x010496d8f3269ee9b05060bdf40c2d66e83e61dd,140000000000000000,Digg,DIGG,18,31,178414,88000000000,136911,2187301,deprecated,0xfb3bdb41,"swapETHForExactTokens(uint256 amountOut, address[] path, address to, uint256 deadline)",13352445
11709249,1611370805,0x05d3ba915c3af62ff340006e663fbdd3c2b4e0a8f4d89e3f88c92bc0bb43958f,295,0x3663f6b2a08fc7e1e5494dfeed02a34e536a088a7a5a9ba8fa2b1fd752eb883e,0x0d8a2d6c1dda5be4bd1c26c8cb9d081e799db61e,0xea3ec2a08fee18ff4798c2d4725ded433d94151d,0x010496d8f3269ee9b05060bdf40c2d66e83e61dd,93826699418408973,Digg,DIGG,18,137,170017,80000000000,128920,6198530,deprecated,0x7ff36ab5,"swapExactETHForTokens(uint256 amountOutMin, address[] path, address to, uint256 deadline)",13352433
11709253,1611370853,0xf7a3531e8ba09a858f8abc448710ba418886d6444b9d87acd98dccfb133c4090,297,0xe0ae836d1a9e52f08e4c8a88cff1633e23d7c2e24018ad83c7488a18df7e9349,0x0d8a2d6c1dda5be4bd1c26c8cb9d081e799db61e,0x97e813b9a81d097e60a5e6311bc9a475199b67ae,0x010496d8f3269ee9b05060bdf40c2d66e83e61dd,91574268737719684,Digg,DIGG,18,129,170017,80000000000,128920,7969847,deprecated,0x7ff36ab5,"swapExactETHForTokens(uint256 amountOutMin, address[] path, address to, uint256 deadline)",13352429
11709287,1611371269,0x3959d4bd4902fe9871392b62e5af33354072bd9ff83056a6d166a64323444e5b,10,0x498c68630c8bc908c3999daee2b16beb3bf4b0594afda16c65374132b5320c2f,0x0d8a2d6c1dda5be4bd1c26c8cb9d081e799db61e,0x0866bee00ce073d09d0210f10d9ae3f758d0de8f,0x010496d8f3269ee9b05060bdf40c2d66e83e61dd,156036063290815094,Digg,DIGG,18,117,170030,63000000000,128932,7532243,deprecated,0x7ff36ab5,"swapExactETHForTokens(uint256 amountOutMin, address[] path, address to, uint256 deadline)",13352395
11709337,1611371949,0x61ff5f86761332f9a5a03b8d248ca505d6f956b347d09a68ce4e05f136fab5d7,299,0x3af992388bafab0479c7417818d4739d819b8adf90701fbdbb3475a02d02092c,0x0d8a2d6c1dda5be4bd1c26c8cb9d081e799db61e,0x0f4ee9631f4be0a63756515141281a3e2b293bbe,0x010496d8f3269ee9b05060bdf40c2d66e83e61dd,124651723806298855,Digg,DIGG,18,53,170030,79000000000,128932,2864742,deprecated,0x7ff36ab5,"swapExactETHForTokens(uint256 amountOutMin, address[] path, address to, uint256 deadline)",13352345
11709339,1611371969,0x93c535981e99543f8cbd0a5a4ca6564f4ddc494f9627dbb71398255c8852ac80,301,0x65fa84c533a0d3624bb4623de68cf77bf1e6ba0e8cae96095e8838fd77490f15,0x0d8a2d6c1dda5be4bd1c26c8cb9d081e799db61e,0x8e04af7f7c76daa9ab429b1340e0327b5b835748,0x010496d8f3269ee9b05060bdf40c2d66e83e61dd,73651279608480086,Digg,DIGG,18,121,170017,79000000000,128920,5587875,deprecated,0x7ff36ab5,"swapExactETHForTokens(uint256 amountOutMin, address[] path, address to, uint256 deadline)",13352343
11709341,1611372064,0xf143916feb09b752bbb6778a2335db40a25c026266fc29f9b630df208e5079b4,303,0x478108a0b988cf54b16a26cb8143e2cfbb3e965967afdbd0c84f2cad68297cb3,0x0d8a2d6c1dda5be4bd1c26c8cb9d081e799db61e,0xe3e182bc39951f99af86d8cd0c42a4b7c4cd93f7,0x010496d8f3269ee9b05060bdf40c2d66e83e61dd,155477866613199735,Digg,DIGG,18,67,170030,83000000000,128932,4179937,deprecated,0x7ff36ab5,"swapExactETHForTokens(uint256 amountOutMin, address[] path, address to, uint256 deadline)",13352341
11709342,1611372107,0xf51304ef4e3491346ebfb40bd0b2dd27db5dda099a718f41410b129ce104c566,305,0xd83e8e80e9a0f10d32df4c7e71d370b8c83b477f9cc97a40b8ff12f4cff3229e,0x0d8a2d6c1dda5be4bd1c26c8cb9d081e799db61e,0x8c7ff00cf353b0236cbb259df12e1d3478d633e3,0x010496d8f3269ee9b05060bdf40c2d66e83e61dd,82378828189032987,Digg,DIGG,18,16,170017,83000000000,128920,1059946,deprecated,0x7ff36ab5,"swapExactETHForTokens(uint256 amountOutMin, address[] path, address to, uint256 deadline)",13352340
11709344,1611372135,0xb80abc4883b938b7b30c4e04fc51b711a0938f80fa7be874384127bfb648ac21,748,0x11b7346b55e936174494b59aaf4a67c63e8ec8007978d80d6e10fd33cf8bf3d8,0x0d8a2d6c1dda5be4bd1c26c8cb9d081e799db61e,0x2c94fff3c50dc9791285442e993bb063c6955e5e,0x010496d8f3269ee9b05060bdf40c2d66e83e61dd,155103728166671781,Digg,DIGG,18,137,170030,74800000000,128932,8210198,deprecated,0x7ff36ab5,"swapExactETHForTokens(uint256 amountOutMin, address[] path, address to, uint256 deadline)",13352338
11709347,1611372193,0x0bf976c79de6ea6a72578fe697db9193baa1f22557907308986723ba016ac815,307,0xf625d4a99486c7e4db3bdc9350bbfd4dd298a32317743b428e61289db6bf8a4f,0x0d8a2d6c1dda5be4bd1c26c8cb9d081e799db61e,0x6f812f43ce8c2d3dfa44726c2fdc40a39470f941,0x010496d8f3269ee9b05060bdf40c2d66e83e61dd,94977332788518361,Digg,DIGG,18,108,170017,83000000000,128920,6823376,deprecated,0x7ff36ab5,"swapExactETHForTokens(uint256 amountOutMin, address[] path, address to, uint256 deadline)",13352335
11709352,1611372289,0xff84ca97315ca175808f53303f0e4dc529bad72b4715e21f7927ce3369436614,308,0x2470e31443352bfdbdc99107f540b26676e9dd4cf3863295e605d9ebc059b349,0x0d8a2d6c1dda5be4bd1c26c8cb9d081e799db61e,0x4deb3edd991cfd2fcdaa6dcfe5f1743f6e7d16a6,0x010496d8f3269ee9b05060bdf40c2d66e83e61dd,46322519979375810,Digg,DIGG,18,106,170017,83000000000,128920,8360221,deprecated,0x7ff36ab5,"swapExactETHForTokens(uint256 amountOutMin, address[] path, address to, uint256 deadline)",13352330
11709357,1611372369,0x1ec6f685c0e1ce4b374b8ea2ff15cdd08a6994132000de29910739d64c2ba2fe,310,0xa08d61c23629b305fe0f4e57dee2748fcfdafa31437ad2095e4ff1c1fcddad21,0x0d8a2d6c1dda5be4bd1c26c8cb9d081e799db61e,0xe069cb01d06ba617bcdf789bf2ff0d5e5ca20c71,0x010496d8f3269ee9b05060bdf40c2d66e83e61dd,309033990396127477,Digg,DIGG,18,43,263853,84000000000,186837,2361455,deprecated,0x90411a32,"swap(address caller,tuple desc,tuple[] calls)",13352325
11709357,1611372369,0x1ec6f685c0e1ce4b374b8ea2ff15cdd08a6994132000de29910739d64c2ba2fe,310,0xa08d61c23629b305fe0f4e57dee2748fcfdafa31437ad2095e4ff1c1fcddad21,0xe069cb01d06ba617bcdf789bf2ff0d5e5ca20c71,0x1efcd06aba353976f5ee9257ffa796b3edea62ad,0x010496d8f3269ee9b05060bdf40c2d66e83e61dd,309033990396127477,Digg,DIGG,18,43,263853,84000000000,186837,2361455,deprecated,0x90411a32,"swap(address caller,tuple desc,tuple[] calls)",13352325
11709364,1611372450,0xf5bd0c9fc662445e37b0ee9bcd5878880db8b6d53e6cbafcb0f17215213d009b,312,0x8d9cb4d74381aadada806985f5d784eae36b9ed881739aaedbbcb6be81f99c2a,0x1efcd06aba353976f5ee9257ffa796b3edea62ad,0x0d8a2d6c1dda5be4bd1c26c8cb9d081e799db61e,0x010496d8f3269ee9b05060bdf40c2d66e83e61dd,308060000000000000,Digg,DIGG,18,57,221202,84000000000,168950,2944999,deprecated,0x90411a32,"swap(address caller,tuple desc,tuple[] calls)",13352318
11709375,1611372691,0x726ed2d6cf370f47c3a3455236028917b7f68fe32896466a56286c0aba5360aa,314,0x3444267e57e19a3071127d0cc144c219d058da1049df8c5ae196d94b6d448a2c,0x0d8a2d6c1dda5be4bd1c26c8cb9d081e799db61e,0x4deb3edd991cfd2fcdaa6dcfe5f1743f6e7d16a6,0x010496d8f3269ee9b05060bdf40c2d66e83e61dd,63794739222328422,Digg,DIGG,18,103,153254,86000000000,113920,4688822,deprecated,0x7ff36ab5,"swapExactETHForTokens(uint256 amountOutMin, address[] path, address to, uint256 deadline)",13352307
11709379,1611372749,0xe394ce1a27a4b0b6ba175b2c98c0277fdf98c1b5a08fb43f778b4d8912bbc625,316,0x227a409b89503a6a5744cf14c81cf7858be0be94b46f217dbe4dd49636b02f6f,0x0d8a2d6c1dda5be4bd1c26c8cb9d081e799db61e,0x5921c191fe58175b1fb8943ed3f17345e615ff02,0x010496d8f3269ee9b05060bdf40c2d66e83e61dd,92958233239702562,Digg,DIGG,18,83,170017,86000000000,128920,4077718,deprecated,0x7ff36ab5,"swapExactETHForTokens(uint256 amountOutMin, address[] path, address to, uint256 deadline)",13352303
11709383,1611372828,0xd80d645ec093889b94dfaaa78f25ff2b831136368191bf60f530ceeb67abb4c8,319,0x8969b33cc0ad23d180b52b564e845ca0b70685659d3ea71565c738c1188a87dd,0x0d8a2d6c1dda5be4bd1c26c8cb9d081e799db61e,0x99fd1378ca799ed6772fe7bcdc9b30b389518962,0x010496d8f3269ee9b05060bdf40c2d66e83e61dd,123530716713284124,Digg,DIGG,18,197,170030,87000000000,128932,11362502,deprecated,0x7ff36ab5,"swapExactETHForTokens(uint256 amountOutMin, address[] path, address to, uint256 deadline)",13352299
11709383,1611372828,0x2578cc7e2d662ec811d144af8541df8fefc8534a73e0187b748e3b70d375f1ff,321,0x8969b33cc0ad23d180b52b564e845ca0b70685659d3ea71565c738c1188a87dd,0x0d8a2d6c1dda5be4bd1c26c8cb9d081e799db61e,0x4deb3edd991cfd2fcdaa6dcfe5f1743f6e7d16a6,0x010496d8f3269ee9b05060bdf40c2d66e83e61dd,100000000000000000,Digg,DIGG,18,199,161914,87000000000,109895,11493397,deprecated,0xfb3bdb41,"swapETHForExactTokens(uint256 amountOut, address[] path, address to, uint256 deadline)",13352299
11709385,1611372863,0xfec5cc58ea99bd8f491673b4800b98d74ead3f5cef413c7601c113c4df716b6b,323,0x50de48702cadfb4bfb03028717e6bbf22f702d36cf978e51f825572a2267d443,0x0d8a2d6c1dda5be4bd1c26c8cb9d081e799db61e,0x0eb4add4ba497357546da7f5d12d39587ca24606,0x010496d8f3269ee9b05060bdf40c2d66e83e61dd,61644469071795053,Digg,DIGG,18,25,170017,101000000000,128920,2264631,deprecated,0x7ff36ab5,"swapExactETHForTokens(uint256 amountOutMin, address[] path, address to, uint256 deadline)",13352297
11709387,1611372903,0x67f17a031e8743165f0dd0560661ca31dd7ba44b587e191a3c74a7e2666a9624,325,0xcc629d1e70295ab90ee1bbcac5c2c92a78dc4c6098ee2faf494ebf90f6865ca2,0x0d8a2d6c1dda5be4bd1c26c8cb9d081e799db61e,0x485773ab2c5b060380a4c826c08cde45b00f8792,0x010496d8f3269ee9b05060bdf40c2d66e83e61dd,31533756269583183,Digg,DIGG,18,19,156589,101000000000,128920,1013568,deprecated,0x7ff36ab5,"swapExactETHForTokens(uint256 amountOutMin, address[] path, address to, uint256 deadline)",13352295
11709390,1611372927,0xbba2bf8df285a361dcb3aa947dd5fdeb081dbbb0bb1c0537914abfb7cf2ecf2d,327,0x515df8616b46b880b0f644cc8708e48b7708d00c8d2f5257e106e97191597c6a,0x0d8a2d6c1dda5be4bd1c26c8cb9d081e799db61e,0x702a39a9d7d84c6b269efaa024dff4037499bba9,0x010496d8f3269ee9b05060bdf40c2d66e83e61dd,40000000000000000,Digg,DIGG,18,76,178401,101000000000,136899,11379757,deprecated,0xfb3bdb41,"swapETHForExactTokens(uint256 amountOut, address[] path, address to, uint256 deadline)",13352292
11709392,1611372981,0xe0feefa20bc6c30f5b9113127637eb2f90d079efc5458953a77985ac6eec28ee,329,0xc8123962a9c405d9fcab0792ebfc772a185ff42178b6497d416310a10f322116,0x0d8a2d6c1dda5be4bd1c26c8cb9d081e799db61e,0xdbf66494751f9bb52feab916c87763585775bf10,0x010496d8f3269ee9b05060bdf40c2d66e83e61dd,73452300000000000,Digg,DIGG,18,29,165210,87000000000,136923,2329698,deprecated,0xfb3bdb41,"swapETHForExactTokens(uint256 amountOut, address[] path, address to, uint256 deadline)",13352290
11709397,1611373061,0x040732141bb35222f7aee916de3d47138c31609f8e490e1af53196bcfd4d4a76,331,0xdf96c0d390ec443ce3ba413ed61a3b78be6dfbb809fb8a5f6dc08d0736e215fe,0x0d8a2d6c1dda5be4bd1c26c8cb9d081e799db61e,0x4c8133051b300ccd66b6b35c5a0af15b6a97012a,0x010496d8f3269ee9b05060bdf40c2d66e83e61dd,90584675300000000,Digg,DIGG,18,31,178427,87000000000,136923,2930022,deprecated,0xfb3bdb41,"swapETHForExactTokens(uint256 amountOut, address[] path, address to, uint256 deadline)",13352285
11709397,1611373061,0xa47c88b2d175671694f1ffbb1de2cb7b561a2f195e05e649d5f7c308478651d8,333,0xdf96c0d390ec443ce3ba413ed61a3b78be6dfbb809fb8a5f6dc08d0736e215fe,0x0d8a2d6c1dda5be4bd1c26c8cb9d081e799db61e,0x2c21fa2903d4f8839e8fd6b041c2adf19dbf6540,0x010496d8f3269ee9b05060bdf40c2d66e83e61dd,26946341847284515,Digg,DIGG,18,34,170017,95000000000,116904,3185582,deprecated,0x7ff36ab5,"swapExactETHForTokens(uint256 amountOutMin, address[] path, address to, uint256 deadline)",13352285
11709439,1611373592,0x1b460165642be79947815eafdcb76507f6afa8a558760c1109a0c86c40094bfe,335,0x2bff1abb9d4828bfa7431f033995ffa3ae09c72ee547efcc8d44fcad9de481b3,0x1efcd06aba353976f5ee9257ffa796b3edea62ad,0x0000000000000000000000000000000000000001,0x010496d8f3269ee9b05060bdf40c2d66e83e61dd,1314891134480396127477,Digg,DIGG,18,48,82027,90000000000,39685,2368569,deprecated,0xa9059cbb,"transfer(address _to, uint256 _value)",13352243
11709626,1611376037,0xaa8960bb7ad434f1f7e8048f5511d04b0723d618e02da6148e2a3b8f5bb7d87e,47,0x43325164bae4c691a2e48a10602a8689a42dc1919179acd0d23b1f27f18cb8b6,0x0d8a2d6c1dda5be4bd1c26c8cb9d081e799db61e,0xa2e3449b0993f26a6d03ab9d432e12a1d6436236,0x010496d8f3269ee9b05060bdf40c2d66e83e61dd,1221571823012078694,Digg,DIGG,18,67,170030,64900000000,128932,3982319,deprecated,0x7ff36ab5,"swapExactETHForTokens(uint256 amountOutMin, address[] path, address to, uint256 deadline)",13352056
11709823,1611378410,0x1faf88790609e3b5d60e201bd4acbc3749e777b804dcbf68b545ee44050698a9,1,0x85a79b382b34da219a124beb3a4ba6755747b3961ce04ce1b242752046136809,0x0d8a2d6c1dda5be4bd1c26c8cb9d081e799db61e,0xadf23dcd810c4deba29470d75a070cbcac5d121b,0x010496d8f3269ee9b05060bdf40c2d66e83e61dd,303018419503277557,Digg,DIGG,18,22,170030,49500000000,128932,1631376,deprecated,0x7ff36ab5,"swapExactETHForTokens(uint256 amountOutMin, address[] path, address to, uint256 deadline)",13351859
11709867,1611379006,0xac890a15494ba34ce07222108e75ab86ee3905b14d9cf7b987a4a56c379f682e,336,0x36b5f3daa4abf46dd8aace3d63255a6fbfb53458886b0a43a72b669231afa0df,0x0d8a2d6c1dda5be4bd1c26c8cb9d081e799db61e,0x7a250d5630b4cf539739df2c5dacb4c659f2488d,0x010496d8f3269ee9b05060bdf40c2d66e83e61dd,195024499402778052283,Digg,DIGG,18,79,324110,55000000000,196583,5059162,deprecated,0xded9382a,"removeLiquidityETHWithPermit(address token, uint256 liquidity, uint256 amountTokenMin, uint256 amountETHMin, address to, uint256 deadline, bool approveMax, uint8 v, bytes32 r, bytes32 s)",13351815
11709867,1611379006,0xac890a15494ba34ce07222108e75ab86ee3905b14d9cf7b987a4a56c379f682e,336,0x36b5f3daa4abf46dd8aace3d63255a6fbfb53458886b0a43a72b669231afa0df,0x7a250d5630b4cf539739df2c5dacb4c659f2488d,0x1efcd06aba353976f5ee9257ffa796b3edea62ad,0x010496d8f3269ee9b05060bdf40c2d66e83e61dd,195024499402778052283,Digg,DIGG,18,79,324110,55000000000,196583,5059162,deprecated,0xded9382a,"removeLiquidityETHWithPermit(address token, uint256 liquidity, uint256 amountTokenMin, uint256 amountETHMin, address to, uint256 deadline, bool approveMax, uint8 v, bytes32 r, bytes32 s)",13351815
