max_centrality,avg_clustering,unique_wallets,value_volatility,tx_count,label
0.8437047756874095,0.006176328913068117,692,1.630314640658033e+26,1000,0
0.6841491841491841,0.018136131441982884,859,4.467403732088794e+25,1000,0
0.782258064516129,0.04345649344141983,497,5.59055973539551e+23,1000,0
0.6744186046511628,0.18253813935751426,388,15666022.253010988,1000,0
0.40404040404040403,0.039486848137935744,496,20314256520235.266,1000,0
0.5307971014492754,0.021551703904973254,553,2.8469141370741294e+24,1000,0
0.7813765182186234,0.013223932219104133,742,5.09728635727591e+25,1000,0
0.8996865203761757,0.003610966481583323,958,6.450684118517217e+24,1000,0
0.6434977578475336,0.02644909417726466,447,3.360231324925977e+23,1000,0
1.007172131147541,0.0,977,2.8121209002308397e+25,1000,0
0.7185314685314685,0.05462511981739279,573,3.7854702459745133e+24,1000,0
0.8383733055265902,0.01684168509119725,960,2.3467853799439261e+24,1000,0
0.7449664429530202,0.10358647737958082,150,4.3873641001473585e+25,1000,0
0.3914421553090333,0.0115402784243086,632,4.516154806282669e+24,1000,0
0.6030267753201397,0.010276354085134514,860,4.623194027205834e+25,1000,0
0.908256880733945,0.062174909618243554,764,4.751630898578475e+25,1000,0
1.2244897959183674,0.0027155649042387127,491,6.269920538520465e+19,1000,0
0.9198606271777003,0.22849245997893686,288,1.7023296845434205e+21,1000,0
0.5364806866952789,0.03347179168855348,467,2.874705749629164e+27,1000,0
1.2008196721311477,0.010929122955525948,489,5.949907714416966e+25,1000,0
0.8737201365187712,0.008610190475885087,880,3.430485806137956e+26,1000,0
1.0,0.0,501,9.008488322846837e+22,1000,0
1.0861618798955615,0.0,384,4.3966052936622454e+23,1000,0
0.4226415094339623,0.12735841058489306,266,35963847359.38101,1000,0
1.1569767441860466,0.015473957124378088,517,9.05858411129465e+21,1000,0
0.48246844319775595,0.028156818744366967,714,3.502142878119207e+25,1000,0
0.9463157894736842,0.0037075187859130472,951,2.5315159202213715e+26,1000,0
0.8623655913978494,0.0014321518080916578,931,4.510270584358547e+24,1000,0
0.9989189189189189,0.0,926,165028774063.62207,1000,0
0.9999999999999999,0.0,999,1.6780343513011614e+25,1000,0
0.5255681818181819,0.056383851640751895,353,3.436518884170195e+26,1000,0
1.0260869565217392,0.08312488373842482,116,2579170600302057.5,1000,0
0.6188811188811189,0.021632879773734612,287,4.258545105429076e+23,1000,0
0.9661016949152542,0.0075927817500851215,178,1.6432664312356448e+22,1000,0
0.736111111111111,0.16413392056981974,217,1.440698071473971e+22,1000,0
1.1827956989247312,0.5473797808512254,94,3.173489384602463e+24,1000,0
0.8970588235294118,0.11158307119631493,545,7.515814055951277e+23,1000,0
0.14761904761904762,0.01976406075010136,631,3.9929036986779494e+26,1000,0
1.002176278563656,0.0,920,2.3448079381925824e+16,1000,0
0.5885167464114832,0.027361274675500615,419,1.6799964942822681e+24,1000,0
0.3916292974588939,0.04255485412288762,670,5.097862189110247e+24,1000,0
0.880841121495327,0.06120261857353163,429,4.469896252330877e+19,1000,0
0.7643378519290929,0.0034722299877987263,960,5.626643991918035e+25,1000,0
0.5146726862302483,0.026410860316991445,444,3.298225771024154e+23,1000,0
0.7310061601642711,0.03285469049591032,488,3.5345024348648915e+25,1000,0
0.5560538116591929,0.08222074359777289,670,4.6041999078247215e+24,1000,0
0.7436332767402377,0.07095207152480185,590,3.8853102666447113e+21,1000,0
0.988855116514691,0.0016869138361472603,988,3162208276998439.5,1000,0
0.843298969072165,0.016461028654672753,486,1.5859094066726456e+25,1000,0
0.5552282768777614,0.04562303122964594,680,4.520582511060571e+25,1000,0
0.43524416135881105,0.07431078394441247,472,7.3856224135224615e+25,1000,0
0.8113804004214963,0.008860508663158103,950,1.816155704552439e+24,1000,0
0.40718562874251496,0.024167837636074226,502,414735282525.2662,1000,0
0.7329974811083123,0.04380389685321092,795,3.405624932616101e+25,1000,0
1.1441441441441442,0.08534710239825095,223,4.614596101692827e+25,1000,0
0.9999999999999999,0.0,948,2.0240104796927407e+26,1000,0
0.9999999999999999,0.0,997,2.332143156827521e+21,1000,0
0.21309192200557103,0.002724034544969979,719,1.1346741946758639e+26,1000,0
0.5066666666666667,0.12989868532917284,151,4.9784646048933324e+23,1000,0
1.2956521739130435,0.20079997363812585,231,40401619034.40264,1000,0
0.4893267651888341,0.021104974692007058,610,4.493577196080701e+25,1000,0
0.868,0.049036140971353864,501,1.9107069903803914e+24,1000,0
0.45759368836291914,0.05303300889431389,508,3.674854851578543e+25,1000,0
0.2478632478632479,0.13839370310828536,235,216273681655.67853,1000,0
0.8293029871977241,0.012950162914350095,704,7.209159696613847e+25,1000,0
0.99,0.0,1001,1.952285549226317e+25,1000,0
0.7868504772004242,0.007517976373908577,944,1.0980487811559244e+26,1000,0
1.0,0.0013717443015960518,972,2.0419885552573933e+25,1000,0
0.65625,0.004223691629504331,929,3.7685241022477767e+26,1000,0
0.634032634032634,0.09579893975694602,430,3.755851021658465e+23,1000,0
1.1372093023255814,0.05321364082274271,431,1.9123741610966578e+28,1000,0
0.350597609561753,0.0751816187556273,252,3.6396690475523913e+25,1000,0
1.0127931769722813,0.03920418037439314,470,2.228427914336644e+25,1000,0
0.9207920792079208,0.6245383668794959,203,3.301589928709523e+23,1000,0
0.7404255319148936,0.006316027274728785,941,6.663023589263498e+24,1000,0
0.30376344086021506,0.1131157090197919,373,1.3372232652730804e+25,1000,0
0.35361216730038025,0.06376552324366917,527,48266240488839.35,1000,0
0.6550868486352357,0.05710628980098232,404,2.0537070991779937e+24,1000,0
1.0629274965800273,0.00910748971270176,732,1.8713759167567255e+25,1000,0
1.5177304964539007,0.033805363161107126,424,3.830093817001357e+24,1000,0
0.5924242424242424,0.01185085026780358,661,1.5969325431121136e+26,1000,0
1.0,0.007820238624087424,341,3.510089044402571e+19,1000,0
0.5330073349633252,0.020149092887043744,819,3.393138020615087e+25,1000,0
0.6350540216086434,0.006021955792905558,834,4.759530312184694e+23,1000,0
0.658974358974359,0.02333921957572101,391,3.172924861161626e+24,1000,0
1.0104849279161205,0.010969851800256707,764,4.474966632670601e+26,1000,0
0.8860759493670886,0.3948736566455457,475,1.7069720690457481e+22,1000,0
0.896774193548387,0.0,311,2.2818314648977214e+24,1000,0
0.881808838643371,0.0017111567419575632,974,3.5365969850758203e+25,1000,0
0.5040322580645161,0.05199182061991306,249,3.96047264601005e+26,1000,0
0.4218009478672986,0.03657438759783738,845,3.383010998301029e+26,1000,0
0.5935334872979214,0.07876720038144841,434,3.649686599705984e+24,1000,0
0.9885844748858447,0.01063029326337706,439,1939418473849458.5,1000,0
1.4048257372654156,0.019353439994990073,374,5233638720639774.0,1000,0
0.5630630630630631,0.12584548550120658,223,1.8424423114629706e+27,1000,0
1.1787610619469027,0.007067160547286959,566,3.9072859087640437e+31,1000,0
0.9796954314720812,0.014358633630785529,395,2.979840305250721e+23,1000,0
0.6319875776397516,0.04153930619273754,645,5.672451338501873e+23,1000,0
0.575257731958763,0.045543837267495446,486,8.167994229055168e+24,1000,0
1.0,0.0,1001,3.2399304360262222e+25,1000,0
0.2761904761904762,0.23407204403727616,211,1.310192017484864e+24,1000,0
1.0577507598784195,0.46816702210576727,330,4.689617262801223e+26,1000,0
0.6354166666666666,0.05128158463356138,481,1.509654831844235e+24,1000,0
0.9516806722689075,0.0017480309267511142,477,4.217962991333333e+23,1000,0
0.5236641221374045,0.019223596567898852,656,3.0083704060611397e+25,1000,0
0.6595394736842105,0.026272782739374875,609,4.476329777215495e+26,1000,0
0.3203463203463203,0.10292438121493658,232,1.1519244897678126e+24,1000,0
0.7837837837837838,0.11757220637801398,75,3.02105191259047e+30,106,0
0.9678423236514523,0.005219029674988225,965,2.830510546354759e+26,1000,0
0.5680000000000001,0.02992829208632895,501,7.132966701925997e+24,1000,0
0.5182926829268293,0.26455970657674327,165,9.01653164116756e+22,1000,0
0.41869918699187,0.0809064801098867,247,5.1089512829724845e+25,1000,0
0.26666666666666666,0.29052907687381063,166,270155420255.7694,1000,0
0.8718905472636815,0.004973455080777555,805,1.0999240628698542e+26,1000,0
1.0,0.0,1001,803389210062.7639,1000,0
0.3288409703504043,0.0313338697605817,372,3.4926424039561387e+25,1000,0
1.8477443609022555,0.0,533,1.1972526291114268e+25,1000,0
0.38267148014440433,0.2367447966430079,278,4.1452178740143646e+20,1000,0
0.660377358490566,0.5360270696907525,54,139421869282.32187,1000,0
0.15300546448087432,0.03235412267155841,550,3.749848823000708e+26,1000,0
0.5525114155251141,0.0506494540240894,220,1.8663508968762187e+25,747,0
0.999,0.0,1001,2.2666971330811305e+25,1000,0
0.9080962800875273,0.012155680701682511,915,3.53804189506504e+25,1000,0
1.067524115755627,0.015065376804239555,623,4.4757819399005445e+25,1000,0
0.7720588235294118,0.08776143277493263,409,9.615880935880464e+23,1000,0
0.774390243902439,0.06385643737107038,329,3.661667370193885e+75,1000,0
0.6330049261083744,0.04532031891341119,407,4.529519597236033e+26,1000,0
0.5263157894736842,0.2311229509735485,362,2.3865457711091163e+26,1000,0
0.9622641509433962,0.003944153577661431,955,1.48054050144451e+17,1000,0
0.38939670932358317,0.027254668819063087,548,3.4634684718283785e+25,1000,0
0.828054298642534,0.0,664,3.69636333255728e+26,1000,0
0.07900677200902934,0.0070971140863785006,887,3.468440580276103e+25,1000,0
0.375,0.10531357555792635,585,2.054084492772273e+22,1000,0
0.39781591263650545,0.009736979143831521,642,3038176504159.7637,1000,0
0.5555555555555556,0.3275517120693794,289,1.7186039093206346e+24,1000,0
0.2912371134020619,0.08796382642326875,389,1.977487648390349e+24,1000,0
0.9286640726329441,0.030483832744971736,772,3.648610104709915e+25,1000,0
0.5861513687600645,0.04283767653548351,622,4.922633035321331e+25,1000,0
0.27906976744186046,0.059696077502207776,517,2.90810343593853e+21,1000,0
0.9251559251559252,0.0027691295142414315,963,3.1933338736443474e+25,1000,0
0.9521800281293953,0.009363389614964796,712,4.051158044233645e+25,1000,0
0.9979166666666667,0.0,961,5.8298241676734956e+19,1000,0
0.7234848484848485,0.3445208742493534,265,3.218905507508152e+24,1000,0
0.6074918566775245,0.01449658393556403,615,1.0994305477614551e+25,1000,0
0.9900990099009901,0.134441006243158,506,1.2068705987023794e+25,1000,0
1.0,0.0,1001,4.4292722754787935e+24,1000,0
0.5345744680851063,0.01892497335994842,753,9.494669024914384e+23,1000,0
0.8347578347578348,0.1386797368942157,352,2.6944229992412226e+22,1000,0
0.8363636363636363,0.02256369976034516,551,7604334093307.907,1000,0
0.831389183457052,0.020425874172872865,944,2.9099998154393626e+24,1000,0
0.4105263157894737,0.2079696388129447,191,1.9014910438101062e+24,1000,0
0.4582677165354331,0.008827654441615767,636,4.705180718642138e+25,1000,0
0.7870967741935484,0.023022069633133337,466,4.893328418158595e+25,1000,0
0.5207100591715976,0.06668030338161811,170,7.718629539483226e+22,1000,0
0.4,0.05531836228226992,521,4.684667402343008e+25,1000,0
0.5893186003683242,0.0341255210102715,544,3.565098531418034e+24,1000,0
0.3478260869565218,0.06748142132746535,484,4775616330412.687,1000,0
0.7315068493150685,0.027506888982298812,366,3.01934875517083e+25,1000,0
0.4801381692573402,0.01026890108317564,580,4.6001770868378376e+16,1000,0
0.3203342618384401,0.040455235508218335,360,3.266612876540358e+25,1000,0
1.037122969837587,0.01574079463317575,432,3.721318483095975e+24,1000,0
0.5149384885764499,0.00964920482983137,570,7.531709824964053e+25,1000,0
1.0,0.0,1001,5.436753485002207e+24,1000,0
0.8842443729903536,0.0021413307730640016,934,3.1973986722866423e+25,1000,0
0.9515669515669516,0.01926902726517871,352,1.405895807696075e+21,1000,0
0.6797642436149312,0.02416928706553726,510,1.285872378256312e+24,1000,0
0.41083521444695253,0.07579739188085496,444,4.472154375023598e+25,1000,0
1.0,0.0,1001,1.00064421560485e+25,1000,0
0.9989969909729187,0.0,998,5.1822522626484e+25,1000,0
0.26197183098591553,0.0752780751907572,356,3.6133572566064885e+26,1000,0
0.6419068736141906,0.005965875374704804,903,3.1751122949067692e+25,1000,0
0.5702075702075702,0.007035165347311823,820,3.404509905698893e+26,1000,0
0.6075085324232082,0.03427570491944622,587,3.676982590600144e+24,1000,0
0.9948914431673053,0.0,784,1.0866374209428724e+24,1000,0
0.8059023836549375,0.003520549944719247,882,1.4575977708648901e+27,1000,0
0.6044776119402985,0.032817173501210564,403,3.795013450691239e+23,1000,0
0.9661246612466124,0.020720555989785318,739,3.1622732672476035e+25,1000,0
0.5397148676171079,0.003393402121784624,983,3.42120741039404e+26,1000,0
0.275609756097561,0.09977787801682537,411,3.0242853659085177e+25,1000,0
0.3539518900343643,0.12563006227508405,292,2568251003.6785626,1000,0
0.4979508196721312,0.025183477583923992,489,1.5834966278525555e+25,1000,0
0.4866310160427807,0.042678709372821894,375,3.711344592134298e+24,1000,0
0.9747102212855637,0.008045965982808087,950,3.1623936467535626e+20,1000,0
0.24444444444444446,0.003033398485290693,541,1.1671558552750339e+24,1000,0
0.9969818913480886,0.0,995,9.131505222786427e+16,1000,0
0.4120781527531084,0.029545526342708166,564,3.164675221040149e+25,1000,0
0.7817589576547231,0.14409212205325034,615,8.798991827839487e+23,1000,0
1.2102908277404922,0.02928864499589013,448,2.141860926216396e+22,1000,0
0.9054373522458629,0.1178506061688981,847,4.132670524261246e+24,1000,0
0.9989939637826962,0.0,995,8.908783747712879e+24,1000,0
0.44043321299638993,0.03393009630861293,555,3.895977978626891e+26,1000,0
0.727069351230425,0.07034302677410055,448,4.134656876492729e+24,1000,0
1.0403458213256485,0.1276661382861582,348,3.680159128403557e+21,1000,0
0.702857142857143,0.002283193652684421,876,4.300735224686694e+25,1000,0
1.08,0.03582695170574576,326,1.2693272469778136e+22,1000,0
0.6371681415929203,0.0064369025694992555,905,3.6120530681139866e+25,1000,0
0.9602040816326531,0.0,981,7.590594556448527e+24,1000,0
1.0918918918918918,0.007913717241246078,556,2.0054565950861703e+22,1000,0
0.7429193899782136,0.015942599896550794,460,2.7201824843876098e+26,1000,0
0.7887323943661972,0.008367886215987481,711,3.423179350047217e+25,1000,0
1.220472440944882,0.4602469665307693,255,36669754790080.14,1000,1
1.0,0.02839028583709435,47,1.4833692389038059e+32,58,1
0.9156010230179029,0.6357258551347921,392,2.529891881138919e+24,1000,1
0.9714285714285714,0.03708655179243414,36,2.4201395962804466e+26,36,1
1.0,0.017782851344495178,75,1.687775326976339e+32,84,1
0.9768160741885625,0.0015545647474108192,648,1.0112619510866106e+26,727,1
1.7220338983050847,0.03367172779332079,296,11752984704374.04,1000,1
0.9644970414201183,0.012185765012662643,170,1.8663315449679102e+20,193,1
0.99375,0.00724687759206056,161,9.15446609277614e+31,183,1
0.96,0.05142140468227425,26,4.897653610716346e+25,26,1
1.0,0.025656724228152798,52,1.259611173373996e+27,63,1
0.9130434782608695,0.0,24,3.5277184391587736e+29,23,1
1.0,0.06084529505582137,22,27373908478222.32,41,1
0.9900990099009901,0.002314288359839292,607,4.1089424641276743e+27,661,1
0.9869281045751634,0.007576330953814398,154,8.011657432848716e+31,165,1
0.5787234042553192,0.12806146143500846,236,3.5489109630167383e+27,1000,1
0.9473684210526315,0.0173210983070138,77,1.2984953965517417e+31,105,1
0.9230769230769231,0.0,14,3.1030031433552245e+26,30,1
0.9565217391304348,0.05573593073593073,24,3.0820367961247356e+23,27,1
0.9285714285714285,0.04033598585322723,29,6.212453224296089e+25,31,1
0.7978142076502732,0.02399115164460433,184,97859387179205.14,419,1
0.875,0.05352380952380952,25,3.091663609052913e+23,29,1
1.0263157894736843,0.0321141000180538,191,5.407689100006249e+30,287,1
0.9743589743589743,0.03336889521100047,40,1.7858684836607195e+32,43,1
0.9666666666666667,0.04309020604904921,31,8.45506306657414e+25,35,1
0.9795918367346939,0.011786726918305866,99,1.1212553775035734e+26,119,1
0.9859154929577465,0.01538605279612474,143,9.534112031562368e+31,175,1
0.9259259259259258,0.04178571428571428,28,2.6161734036226487e+26,28,1
0.9713467048710601,0.016441803196641278,350,8.165485149366817e+22,371,1
0.9310344827586207,0.038983855650522314,30,1.4832896895462028e+30,63,1
0.9500000000000001,0.02848997906764274,41,3.72593227102504e+25,45,1
0.9016393442622951,0.01935483870967742,62,1.582647046010951e+17,87,1
0.9892086330935252,0.016317158149039473,279,2.0958951877707215e+26,341,1
0.9655172413793103,0.0445326278659612,30,3.475807562381758e+25,33,1
0.9769452449567723,0.008748453733313243,348,2.859555174018105e+25,382,1
0.9583333333333333,0.053491436100131746,25,6.2336644627160005e+25,25,1
0.9954545454545454,0.0,441,4.632862746009233e+31,466,1
0.9428571428571428,0.032460016835016835,36,1.5470846441431387e+30,56,1
1.0,0.0,19,3.158902887703874e+17,24,1
0.9583333333333333,0.053491436100131746,25,3.0790405513445452e+26,29,1
0.9989189189189189,0.0,926,165028774063.62207,1000,1
0.9500000000000001,0.06377053745474798,21,3.1915599004149033e+25,24,1
0.9142857142857143,0.030611559139784947,36,2.1944924205615098e+24,36,1
0.9565217391304348,0.05573593073593073,24,2.9949368675674793e+26,28,1
0.9775280898876404,0.026290967069799963,357,5.55371008133635e+24,387,1
0.8333333333333333,0.07067669172932331,19,1.6887542950847888e+25,34,1
1.0,0.05142140468227425,26,2.5231098292654084e+31,32,1
0.9615384615384616,0.049506172839506174,27,2.8858966991262393e+30,29,1
0.9186602870813396,0.01913111508287275,210,1.502294563256461e+24,215,1
0.9711538461538463,0.031739144063660095,209,3.6758012605857524e+23,297,1
0.9523809523809523,0.06084529505582137,22,2.608137943136608e+26,45,1
0.8709677419354839,0.033422364672364674,32,2.4622714981205457e+24,32,1
0.9545454545454546,0.02595173570783327,45,2.1277708222621807e+20,48,1
0.9795918367346939,0.026684397163120564,50,2.0359444816552848e+30,53,1
0.9938271604938271,0.024337283593085138,163,9.863000032921042e+23,176,1
1.0,0.0,13,2.9524426632972117e+26,30,1
0.9565217391304348,0.0,24,2.0876235637282027e+26,63,1
0.9722222222222222,0.01507433229396583,73,1.4341588326696156e+32,83,1
0.7114754098360656,0.0032691752819181672,306,2.201078086925756e+37,1000,1
0.9838187702265373,0.0016399950474689578,619,5.679350448218444e+24,656,1
0.9921568627450981,0.0,256,1.9574497987386456e+16,1000,1
0.896551724137931,0.0,30,2.0128456712808569e+24,36,1
0.9545454545454546,0.05817805383022774,23,3.2339119446331696e+29,26,1
0.9885057471264368,0.011428964568283455,175,8.74285986238143e+27,214,1
0.9310344827586207,0.002464036946795568,407,2.8056054143223864e+25,1000,1
0.9655172413793103,0.0,30,1.1976787699777242e+29,82,1
0.9354838709677419,0.036535303776683084,32,2.0682893022013224e+30,33,1
0.9583333333333333,0.053491436100131746,25,1.956249824700034e+25,26,1
0.9444444444444444,0.036087223587223584,37,1.4512434366273001e+26,115,1
0.9887005649717514,0.008614978735221594,178,1.873847545861461e+26,234,1
0.9913419913419913,0.0,232,6.454948816563888e+34,240,1
0.9583333333333333,0.0238292418416642,49,1.6685477283344488e+31,59,1
0.9545454545454546,0.05817805383022774,23,2.6585070818770165e+32,27,1
1.0,0.0,30,2.6284770759129793e+20,31,1
0.9444444444444444,0.05955581249698897,37,3.2172335491125517e+25,42,1
0.9545454545454546,0.05817805383022774,23,3.1778563444232335e+29,24,1
0.9629629629629629,0.04772893772893773,28,1.852715017622925e+26,29,1
0.9944444444444445,0.007366829304044039,181,7.47907437934334e+31,213,1
0.35228539576365664,0.008975844965149986,898,2.1415029175443236e+26,1000,1
0.967741935483871,0.04173850574712644,32,1.713504220305965e+27,34,1
0.96875,0.04046920821114369,33,3.648506700429883e+25,36,1
0.9615384615384616,0.049506172839506174,27,1.8880250463810412e+26,28,1
0.9130434782608695,0.04880952380952381,24,2.5592317650240792e+25,27,1
0.9761904761904762,0.03103611268670826,43,2.856008481356757e+25,49,1
0.9583333333333333,0.053491436100131746,25,2.9951058065981014e+19,27,1
0.9523809523809523,0.06084529505582137,22,1.998637530202677e+26,25,1
0.9538904899135446,0.015611201288937327,348,1.5075626567505015e+25,390,1
0.976905311778291,0.010305823209049015,434,5.424160255604365e+27,499,1
0.9047619047619047,0.0,22,7.039546910900314e+20,24,1
0.96,0.05142140468227425,26,2.774227563991705e+28,26,1
0.5625,0.07737640683892877,241,7.923687427466065e+25,523,1
1.0833333333333333,0.12905100512728968,61,3.834738061366837e+28,183,1
0.9500000000000001,0.06377053745474798,21,9.137551098783612e+24,23,1
0.9523809523809523,0.06084529505582137,22,3.5007881514240134e+17,23,1
0.9500000000000001,0.0,21,1.4585793667496787e+32,47,1
0.9849624060150375,0.009951125172727086,134,6.083296328713203e+28,152,1
0.9777777777777779,0.029008487299690536,46,6.325621105340803e+22,51,1
1.4576271186440677,0.027512033849836977,355,5.402149589960159e+25,1000,1
0.9787798408488063,0.005070624665298873,378,9.525919301479801e+21,404,1
0.8888888888888888,0.03941511387163561,28,1.7733321854293007e+26,32,1
0.9761904761904762,0.03103611268670826,43,2.1022883748881567e+29,47,1
1.0133333333333334,0.06300081188887711,76,2.361675970493883e+28,243,1
0.9428571428571428,0.032460016835016835,36,1.8697229154302353e+32,46,1
0.967741935483871,0.04173850574712644,32,8.44122316563624e+25,35,1
0.8529411764705882,0.0,35,2.359488586914536e+16,36,1
0.9285714285714285,0.04033598585322723,29,2.5369198647622154e+27,30,1
0.9722222222222222,0.03608145961087137,37,2.4872533696561072e+30,38,1
0.9953161592505855,0.002725882629546264,428,5.822222534540021e+25,443,1
1.0,0.0,26,2721670539510819.5,28,1
0.967741935483871,0.04173850574712644,32,4.348607199969031e+25,33,1
0.8888888888888888,0.0,37,1.85017046150217e+17,55,1
0.5844155844155845,0.012856315797492269,78,6.652481534811578e+28,128,1
0.9583333333333333,0.053491436100131746,25,4.7032754820791636e+24,25,1
0.96875,0.04046920821114369,33,1.6892988209403245e+25,35,1
0.9887640449438202,0.0148177174039243,90,1.2364997227333469e+32,99,1
0.9757281553398057,0.009374761801757258,207,5.4606794694245566e+25,248,1
0.9583333333333333,0.053491436100131746,25,2.9912909005725884e+25,28,1
0.734065934065934,0.0033212737179009774,911,6.057738151775291e+24,1000,1
0.9583333333333333,0.04683982683982684,25,2108609842490688.5,31,1
0.9894736842105263,0.020838099595820943,96,4.788423100458714e+26,109,1
0.9430604982206405,0.03191223525321013,282,3.9697001530029915e+23,337,1
0.9714285714285714,0.03708655179243414,36,2.4106213423341867e+25,38,1
0.9722222222222222,0.03608145961087137,37,1.5426995242036599e+26,42,1
0.9615384615384616,0.049506172839506174,27,1.9207443068765838e+25,27,1
0.92,0.0450238167629472,26,2.6964458672171774e+25,26,1
0.9891304347826086,0.045888639437026535,93,1.1845319203541628e+32,105,1
0.9615384615384616,0.049982825785974114,131,3.901525301975517e+23,178,1
0.9714285714285714,0.03708655179243414,36,1.9115910679696953e+25,36,1
0.98,0.02616046418567427,51,1.5026050442176905e+29,100,1
0.9712643678160919,0.005986797085698184,175,7.769547418454458e+31,217,1
0.9666666666666667,0.019135600448265948,61,1.4401711135953615e+30,66,1
0.9500000000000001,0.06377053745474798,21,3.351955652565291e+27,23,1
0.9565217391304348,0.05573593073593073,24,2.5495205927711974e+26,26,1
0.9753086419753085,0.014231600446481583,82,1.0050360532415767e+36,99,1
0.96,0.05142140468227425,26,1.9181132818233304e+25,29,1
0.86,0.45600760629455034,51,4.473947642719669e+24,248,1
0.9038461538461539,0.0,53,1.7513110293156835e+17,65,1
0.90625,0.03542817335920784,33,2.3549738957320145e+27,35,1
0.9920212765957447,0.0,377,2.2564745396657696e+34,491,1
0.9629629629629629,0.04772893772893773,28,2.4946588690444897e+24,29,1
0.9354838709677419,0.036535303776683084,32,2.421749760406469e+25,33,1
0.9428571428571428,0.037089646464646464,36,1.9671097557319104e+29,70,1
1.0,0.0,30,2.7199047917250858e+17,30,1
0.92,0.0450238167629472,26,2.0505385654622973e+29,33,1
0.9568965517241379,0.008955434643508038,117,3.2756159716667463e+24,131,1
1.0,0.027229763320684428,49,2.721607608360978e+27,54,1
0.9750000000000001,0.04884631842269839,41,6.400555197009336e+25,43,1
0.9805825242718446,0.02115765422696116,104,1.1891669747095547e+32,113,1
0.9655172413793103,0.06684303350970017,30,2.517576693708076e+29,31,1
0.9743589743589743,0.03336889521100047,40,1.5248954325023004e+35,43,1
0.9333333333333333,0.04309609148318825,31,2.44478240979741e+26,32,1
0.9615384615384616,0.049506172839506174,27,1.920555906185867e+26,27,1
0.9285714285714285,0.046083112290008846,29,2.5440413338179503e+24,33,1
0.9879518072289157,0.015876600564947448,84,1.14306411304973e+32,94,1
0.6955128205128205,0.007456624905041228,313,2.1504259997868217e+36,824,1
0.96,0.05142140468227425,26,2.89709645322865e+28,29,1
0.967741935483871,0.04173850574712644,32,3.4292895364707735e+27,34,1
0.9685714285714285,0.015408555989537295,351,7.896857564039536e+24,372,1
0.9946236559139786,0.016934674735186242,187,9.43295005183409e+25,205,1
0.9615384615384616,0.049506172839506174,27,2.628581068998875e+19,29,1
1.0,0.0,988,3.1622781061209074e+26,1000,1
0.7586206896551724,0.12236652236652237,30,2.454439459753394e+23,35,1
0.9696969696969697,0.03927498418722328,34,1.5869399914323574e+24,40,1
0.9615384615384616,0.049506172839506174,27,1.923712040003783e+27,27,1
0.918918918918919,0.028994277136691997,38,1.8241606979100838e+31,44,1
0.9951100244498777,0.004065099691676647,410,3.168278543015879e+25,464,1
0.8076923076923077,0.04955908289241622,27,2.6656032997111244e+23,29,1
0.9341142020497804,0.01972476055019383,684,460688909426031.5,1000,1
0.9787234042553191,0.027797906602254428,48,1.4563439245022564e+26,48,1
0.9545454545454546,0.05817805383022774,23,3.0959467450293496e+26,26,1
0.8268156424581006,0.014816602316602317,180,3.436963348182106e+37,273,1
0.9574468085106382,0.024326599326599325,48,1.3483997249264846e+69,55,1
0.9473684210526315,0.06699346405228758,20,3.1479387293705198e+29,27,1
1.0,0.0,30,1.560026136143153e+28,87,1
0.9583333333333333,0.0,25,1.991368228069953e+26,66,1
0.9823943661971831,0.016300292893225675,285,3.3717368071728746e+25,337,1
0.9583333333333333,0.053491436100131746,25,2.6502525259538043e+26,27,1
0.9903381642512077,0.0056092042820880695,208,8.14240241615892e+28,272,1
0.9714285714285714,0.03708655179243414,36,1.8645142804939176e+25,38,1
0.9838709677419355,0.021172694943186746,63,1.7966347798641913e+32,65,1
0.6857142857142857,0.0,36,1.7311459549888917e+26,36,1
0.9925373134328358,0.0,269,5.1198998647602404e+32,309,1
0.9491525423728814,0.03557720057720058,60,1.5632660088184466e+25,70,1
0.9801136363636364,0.018413645473198573,353,3.0901836960717225e+21,374,1
0.9696969696969697,0.03927498418722328,34,1.8888965293525907e+25,37,1
0.96,0.05142140468227425,26,1.3791432112401233e+25,28,1
0.9259259259259258,0.04178571428571428,28,2.6119651461233864e+25,28,1
